-- phpMyAdmin SQL Dump
-- version 4.9.2
-- https://www.phpmyadmin.net/
--
-- Host: 127.0.0.1
-- Generation Time: Jan 14, 2023 at 06:22 PM
-- Server version: 10.4.11-MariaDB
-- PHP Version: 7.4.1

SET SQL_MODE = "NO_AUTO_VALUE_ON_ZERO";
SET AUTOCOMMIT = 0;
START TRANSACTION;
SET time_zone = "+00:00";


/*!40101 SET @OLD_CHARACTER_SET_CLIENT=@@CHARACTER_SET_CLIENT */;
/*!40101 SET @OLD_CHARACTER_SET_RESULTS=@@CHARACTER_SET_RESULTS */;
/*!40101 SET @OLD_COLLATION_CONNECTION=@@COLLATION_CONNECTION */;
/*!40101 SET NAMES utf8mb4 */;

--
-- Database: `fabrifest`
--

-- --------------------------------------------------------

--
-- Table structure for table `accessories`
--

CREATE TABLE `accessories` (
  `id` bigint(20) UNSIGNED NOT NULL,
  `name` varchar(255) COLLATE utf8mb4_unicode_ci NOT NULL,
  `created_at` timestamp NULL DEFAULT NULL,
  `updated_at` timestamp NULL DEFAULT NULL
) ENGINE=InnoDB DEFAULT CHARSET=utf8mb4 COLLATE=utf8mb4_unicode_ci;

--
-- Dumping data for table `accessories`
--

INSERT INTO `accessories` (`id`, `name`, `created_at`, `updated_at`) VALUES
(1, 'Label', '2022-10-05 13:22:41', '2022-10-05 23:55:02'),
(2, 'Button', '2022-10-09 14:24:29', '2022-10-09 14:24:29');

-- --------------------------------------------------------

--
-- Table structure for table `accessory_amounts`
--

CREATE TABLE `accessory_amounts` (
  `id` bigint(20) UNSIGNED NOT NULL,
  `accessory_id` int(11) NOT NULL,
  `bank_id` int(11) DEFAULT NULL,
  `credit` double DEFAULT NULL,
  `debit` double DEFAULT NULL,
  `note` varchar(255) COLLATE utf8mb4_unicode_ci DEFAULT NULL,
  `created_at` timestamp NULL DEFAULT NULL,
  `updated_at` timestamp NULL DEFAULT NULL
) ENGINE=InnoDB DEFAULT CHARSET=utf8mb4 COLLATE=utf8mb4_unicode_ci;

--
-- Dumping data for table `accessory_amounts`
--

INSERT INTO `accessory_amounts` (`id`, `accessory_id`, `bank_id`, `credit`, `debit`, `note`, `created_at`, `updated_at`) VALUES
(1, 1, NULL, 1000, NULL, 'Opening Balance', '2022-10-05 13:22:41', '2022-10-05 13:22:41'),
(2, 1, 1, 3000, NULL, 'Test purchase for accessory.', '2022-10-06 01:20:43', '2022-10-06 01:20:43'),
(3, 2, NULL, 7000, NULL, 'Opening Balance', '2022-10-09 14:24:29', '2022-10-09 14:24:29'),
(4, 2, NULL, NULL, 3700, 'Production Sheet', '2022-10-11 01:22:48', '2022-10-11 01:22:48'),
(5, 1, NULL, NULL, 2100, 'Production Sheet', '2022-10-11 01:22:48', '2022-10-11 01:22:48'),
(6, 2, NULL, NULL, 100, 'Production Sheet', '2022-10-29 15:08:23', '2022-10-29 15:08:23'),
(7, 1, NULL, NULL, 100, 'Production Sheet', '2022-10-30 04:59:09', '2022-10-30 04:59:09');

-- --------------------------------------------------------

--
-- Table structure for table `areas`
--

CREATE TABLE `areas` (
  `id` bigint(20) UNSIGNED NOT NULL,
  `name` varchar(255) COLLATE utf8mb4_unicode_ci NOT NULL,
  `district_id` int(11) NOT NULL,
  `location` int(11) NOT NULL DEFAULT 3,
  `is_active` int(11) NOT NULL DEFAULT 1,
  `created_at` timestamp NULL DEFAULT NULL,
  `updated_at` timestamp NULL DEFAULT NULL
) ENGINE=InnoDB DEFAULT CHARSET=utf8mb4 COLLATE=utf8mb4_unicode_ci;

--
-- Dumping data for table `areas`
--

INSERT INTO `areas` (`id`, `name`, `district_id`, `location`, `is_active`, `created_at`, `updated_at`) VALUES
(1, 'Bagerhat Sadar', 1, 3, 1, '2022-06-16 08:03:29', '2022-06-16 08:03:29'),
(2, 'Chitalmari', 1, 3, 1, '2022-06-16 08:03:29', '2022-06-16 08:03:29'),
(3, 'Fakirhat', 1, 3, 1, '2022-06-16 08:03:29', '2022-06-16 08:03:29'),
(4, 'Kachua', 1, 3, 1, '2022-06-16 08:03:29', '2022-06-16 08:03:29'),
(5, 'Mollahat', 1, 3, 1, '2022-06-16 08:03:29', '2022-06-16 08:03:29'),
(6, 'Mongla', 1, 3, 1, '2022-06-16 08:03:29', '2022-06-16 08:03:29'),
(7, 'Morrelganj', 1, 3, 1, '2022-06-16 08:03:29', '2022-06-16 08:03:29'),
(8, 'Rampal', 1, 3, 1, '2022-06-16 08:03:29', '2022-06-16 08:03:29'),
(9, 'Sarankhola', 1, 3, 1, '2022-06-16 08:03:29', '2022-06-16 08:03:29'),
(10, 'Ali Kadam', 2, 3, 1, '2022-06-16 08:03:29', '2022-06-16 08:03:29'),
(11, 'Bandarban Sadar', 2, 3, 1, '2022-06-16 08:03:29', '2022-06-16 08:03:29'),
(12, 'Lama', 2, 3, 1, '2022-06-16 08:03:29', '2022-06-16 08:03:29'),
(13, 'Naikhongchhari', 2, 3, 1, '2022-06-16 08:03:29', '2022-06-16 08:03:29'),
(14, 'Rowangchhari', 2, 3, 1, '2022-06-16 08:03:29', '2022-06-16 08:03:29'),
(15, 'Ruma', 2, 3, 1, '2022-06-16 08:03:29', '2022-06-16 08:03:29'),
(16, 'Thanchi', 2, 3, 1, '2022-06-16 08:03:29', '2022-06-16 08:03:29'),
(17, 'Amtali', 3, 3, 1, '2022-06-16 08:03:29', '2022-06-16 08:03:29'),
(18, 'Bamna', 3, 3, 1, '2022-06-16 08:03:29', '2022-06-16 08:03:29'),
(19, 'Barguna Sadar', 3, 3, 1, '2022-06-16 08:03:29', '2022-06-16 08:03:29'),
(20, 'Betagi', 3, 3, 1, '2022-06-16 08:03:29', '2022-06-16 08:03:29'),
(21, 'Patharghata', 3, 3, 1, '2022-06-16 08:03:29', '2022-06-16 08:03:29'),
(22, 'Taltali', 3, 3, 1, '2022-06-16 08:03:29', '2022-06-16 08:03:29'),
(23, 'Agailjhara', 4, 3, 1, '2022-06-16 08:03:29', '2022-06-16 08:03:29'),
(24, 'Babuganj', 4, 3, 1, '2022-06-16 08:03:29', '2022-06-16 08:03:29'),
(25, 'Bakerganj', 4, 3, 1, '2022-06-16 08:03:29', '2022-06-16 08:03:29'),
(26, 'Banaripara', 4, 3, 1, '2022-06-16 08:03:29', '2022-06-16 08:03:29'),
(27, 'Gaurnadi', 4, 3, 1, '2022-06-16 08:03:29', '2022-06-16 08:03:29'),
(28, 'Hizla', 4, 3, 1, '2022-06-16 08:03:29', '2022-06-16 08:03:29'),
(29, 'Barishal Sadar', 4, 3, 1, '2022-06-16 08:03:29', '2022-06-16 08:03:29'),
(30, 'Mehendiganj', 4, 3, 1, '2022-06-16 08:03:29', '2022-06-16 08:03:29'),
(31, 'Muladi', 4, 3, 1, '2022-06-16 08:03:29', '2022-06-16 08:03:29'),
(32, 'Wazirpur', 4, 3, 1, '2022-06-16 08:03:29', '2022-06-16 08:03:29'),
(33, 'Bhola Sadar', 5, 3, 1, '2022-06-16 08:03:29', '2022-06-16 08:03:29'),
(34, 'Burhanuddin', 5, 3, 1, '2022-06-16 08:03:29', '2022-06-16 08:03:29'),
(35, 'Char Fasson', 5, 3, 1, '2022-06-16 08:03:29', '2022-06-16 08:03:29'),
(36, 'Daulatkhan', 5, 3, 1, '2022-06-16 08:03:29', '2022-06-16 08:03:29'),
(37, 'Lalmohan', 5, 3, 1, '2022-06-16 08:03:29', '2022-06-16 08:03:29'),
(38, 'Manpura', 5, 3, 1, '2022-06-16 08:03:29', '2022-06-16 08:03:29'),
(39, 'Tazumuddin', 5, 3, 1, '2022-06-16 08:03:29', '2022-06-16 08:03:29'),
(40, 'Adamdighi', 6, 3, 1, '2022-06-16 08:03:29', '2022-06-16 08:03:29'),
(41, 'Bogura Sadar', 6, 3, 1, '2022-06-16 08:03:29', '2022-06-16 08:03:29'),
(42, 'Dhunat', 6, 3, 1, '2022-06-16 08:03:29', '2022-06-16 08:03:29'),
(43, 'Dhupchanchia', 6, 3, 1, '2022-06-16 08:03:29', '2022-06-16 08:03:29'),
(44, 'Gabtali', 6, 3, 1, '2022-06-16 08:03:29', '2022-06-16 08:03:29'),
(45, 'Kahaloo', 6, 3, 1, '2022-06-16 08:03:29', '2022-06-16 08:03:29'),
(46, 'Nandigram', 6, 3, 1, '2022-06-16 08:03:29', '2022-06-16 08:03:29'),
(47, 'Sariakandi', 6, 3, 1, '2022-06-16 08:03:29', '2022-06-16 08:03:29'),
(48, 'Shajahanpur', 6, 3, 1, '2022-06-16 08:03:29', '2022-06-16 08:03:29'),
(49, 'Sherpur', 6, 3, 1, '2022-06-16 08:03:29', '2022-06-16 08:03:29'),
(50, 'Shibganj', 6, 3, 1, '2022-06-16 08:03:29', '2022-06-16 08:03:29'),
(51, 'Sonatola', 6, 3, 1, '2022-06-16 08:03:29', '2022-06-16 08:03:29'),
(52, 'Akhaura', 7, 3, 1, '2022-06-16 08:03:29', '2022-06-16 08:03:29'),
(53, 'Bancharampur', 7, 3, 1, '2022-06-16 08:03:29', '2022-06-16 08:03:29'),
(54, 'Brahmanbaria Sadar', 7, 3, 1, '2022-06-16 08:03:29', '2022-06-16 08:03:29'),
(55, 'Kasba', 7, 3, 1, '2022-06-16 08:03:29', '2022-06-16 08:03:29'),
(56, 'Nabinagar', 7, 3, 1, '2022-06-16 08:03:29', '2022-06-16 08:03:29'),
(57, 'Nasirnagar', 7, 3, 1, '2022-06-16 08:03:29', '2022-06-16 08:03:29'),
(58, 'Sarail', 7, 3, 1, '2022-06-16 08:03:29', '2022-06-16 08:03:29'),
(59, 'Ashuganj', 7, 3, 1, '2022-06-16 08:03:29', '2022-06-16 08:03:29'),
(60, 'Bijoynagar', 7, 3, 1, '2022-06-16 08:03:29', '2022-06-16 08:03:29'),
(61, 'Chandpur Sadar', 8, 3, 1, '2022-06-16 08:03:29', '2022-06-16 08:03:29'),
(62, 'Faridganj', 8, 3, 1, '2022-06-16 08:03:29', '2022-06-16 08:03:29'),
(63, 'Haimchar', 8, 3, 1, '2022-06-16 08:03:29', '2022-06-16 08:03:29'),
(64, 'Haziganj', 8, 3, 1, '2022-06-16 08:03:29', '2022-06-16 08:03:29'),
(65, 'Kachua', 8, 3, 1, '2022-06-16 08:03:29', '2022-06-16 08:03:29'),
(66, 'Matlab Dakshin', 8, 3, 1, '2022-06-16 08:03:29', '2022-06-16 08:03:29'),
(67, 'Matlab Uttar', 8, 3, 1, '2022-06-16 08:03:29', '2022-06-16 08:03:29'),
(68, 'Shahrasti', 8, 3, 1, '2022-06-16 08:03:29', '2022-06-16 08:03:29'),
(69, 'Bholahat', 9, 3, 1, '2022-06-16 08:03:29', '2022-06-16 08:03:29'),
(70, 'Gomastapur', 9, 3, 1, '2022-06-16 08:03:29', '2022-06-16 08:03:29'),
(71, 'Nachole', 9, 3, 1, '2022-06-16 08:03:29', '2022-06-16 08:03:29'),
(72, 'Nawabganj Sadar', 9, 3, 1, '2022-06-16 08:03:29', '2022-06-16 08:03:29'),
(73, 'Shibganj', 9, 3, 1, '2022-06-16 08:03:29', '2022-06-16 08:03:29'),
(74, 'Anwara', 10, 3, 1, '2022-06-16 08:03:29', '2022-06-16 08:03:29'),
(75, 'Banshkhali', 10, 3, 1, '2022-06-16 08:03:29', '2022-06-16 08:03:29'),
(76, 'Boalkhali', 10, 3, 1, '2022-06-16 08:03:29', '2022-06-16 08:03:29'),
(77, 'Chandanaish', 10, 3, 1, '2022-06-16 08:03:29', '2022-06-16 08:03:29'),
(78, 'Fatikchhari', 10, 3, 1, '2022-06-16 08:03:29', '2022-06-16 08:03:29'),
(79, 'Hathazari', 10, 3, 1, '2022-06-16 08:03:29', '2022-06-16 08:03:29'),
(80, 'Karnaphuli', 10, 3, 1, '2022-06-16 08:03:29', '2022-06-16 08:03:29'),
(81, 'Lohagara', 10, 3, 1, '2022-06-16 08:03:29', '2022-06-16 08:03:29'),
(82, 'Mirsharai', 10, 3, 1, '2022-06-16 08:03:29', '2022-06-16 08:03:29'),
(83, 'Patiya', 10, 3, 1, '2022-06-16 08:03:29', '2022-06-16 08:03:29'),
(84, 'Rangunia', 10, 3, 1, '2022-06-16 08:03:29', '2022-06-16 08:03:29'),
(85, 'Raozan', 10, 3, 1, '2022-06-16 08:03:29', '2022-06-16 08:03:29'),
(86, 'Sandwip', 10, 3, 1, '2022-06-16 08:03:29', '2022-06-16 08:03:29'),
(87, 'Satkania', 10, 3, 1, '2022-06-16 08:03:29', '2022-06-16 08:03:29'),
(88, 'Sitakunda', 10, 3, 1, '2022-06-16 08:03:29', '2022-06-16 08:03:29'),
(89, 'Bandar Thana', 10, 3, 1, '2022-06-16 08:03:29', '2022-06-16 08:03:29'),
(90, 'Chandgaon Thana', 10, 3, 1, '2022-06-16 08:03:29', '2022-06-16 08:03:29'),
(91, 'Double Mooring Thana', 10, 3, 1, '2022-06-16 08:03:29', '2022-06-16 08:03:29'),
(92, 'Kotwali Thana', 10, 3, 1, '2022-06-16 08:03:29', '2022-06-16 08:03:29'),
(93, 'Pahartali Thana', 10, 3, 1, '2022-06-16 08:03:29', '2022-06-16 08:03:29'),
(94, 'Panchlaish Thana', 10, 3, 1, '2022-06-16 08:03:29', '2022-06-16 08:03:29'),
(95, 'Bhujpur Thana', 10, 3, 1, '2022-06-16 08:03:29', '2022-06-16 08:03:29'),
(96, 'Alamdanga', 11, 3, 1, '2022-06-16 08:03:29', '2022-06-16 08:03:29'),
(97, 'Chuadanga Sadar', 11, 3, 1, '2022-06-16 08:03:29', '2022-06-16 08:03:29'),
(98, 'Damurhuda', 11, 3, 1, '2022-06-16 08:03:29', '2022-06-16 08:03:29'),
(99, 'Jibannagar', 11, 3, 1, '2022-06-16 08:03:29', '2022-06-16 08:03:29'),
(100, 'Chakaria', 12, 3, 1, '2022-06-16 08:03:29', '2022-06-16 08:03:29'),
(101, 'Cox\'s Bazar Sadar', 12, 3, 1, '2022-06-16 08:03:29', '2022-06-16 08:03:29'),
(102, 'Kutubdia', 12, 3, 1, '2022-06-16 08:03:29', '2022-06-16 08:03:29'),
(103, 'Maheshkhali', 12, 3, 1, '2022-06-16 08:03:29', '2022-06-16 08:03:29'),
(104, 'Ramu', 12, 3, 1, '2022-06-16 08:03:29', '2022-06-16 08:03:29'),
(105, 'Teknaf', 12, 3, 1, '2022-06-16 08:03:29', '2022-06-16 08:03:29'),
(106, 'Ukhia', 12, 3, 1, '2022-06-16 08:03:29', '2022-06-16 08:03:29'),
(107, 'Pekua', 12, 3, 1, '2022-06-16 08:03:29', '2022-06-16 08:03:29'),
(108, 'Barura', 13, 3, 1, '2022-06-16 08:03:29', '2022-06-16 08:03:29'),
(109, 'Brahmanpara', 13, 3, 1, '2022-06-16 08:03:29', '2022-06-16 08:03:29'),
(110, 'Burichang', 13, 3, 1, '2022-06-16 08:03:29', '2022-06-16 08:03:29'),
(111, 'Chandina', 13, 3, 1, '2022-06-16 08:03:29', '2022-06-16 08:03:29'),
(112, 'Chauddagram', 13, 3, 1, '2022-06-16 08:03:29', '2022-06-16 08:03:29'),
(113, 'Daudkandi', 13, 3, 1, '2022-06-16 08:03:29', '2022-06-16 08:03:29'),
(114, 'Debidwar', 13, 3, 1, '2022-06-16 08:03:29', '2022-06-16 08:03:29'),
(115, 'Homna', 13, 3, 1, '2022-06-16 08:03:29', '2022-06-16 08:03:29'),
(116, 'Laksam', 13, 3, 1, '2022-06-16 08:03:29', '2022-06-16 08:03:29'),
(117, 'Muradnagar', 13, 3, 1, '2022-06-16 08:03:29', '2022-06-16 08:03:29'),
(118, 'Nangalkot', 13, 3, 1, '2022-06-16 08:03:29', '2022-06-16 08:03:29'),
(119, 'Cumilla Adarsha Sadar', 13, 3, 1, '2022-06-16 08:03:29', '2022-06-16 08:03:29'),
(120, 'Meghna', 13, 3, 1, '2022-06-16 08:03:29', '2022-06-16 08:03:29'),
(121, 'Titas', 13, 3, 1, '2022-06-16 08:03:29', '2022-06-16 08:03:29'),
(122, 'Monohargonj', 13, 3, 1, '2022-06-16 08:03:29', '2022-06-16 08:03:29'),
(123, 'Cumilla Sadar Dakshin', 13, 3, 1, '2022-06-16 08:03:29', '2022-06-16 08:03:29'),
(124, 'Adabor', 14, 1, 1, '2022-06-16 08:03:29', '2022-06-16 08:03:29'),
(125, 'Airport', 14, 1, 1, '2022-06-16 08:03:29', '2022-06-16 08:03:29'),
(126, 'Badda', 14, 1, 1, '2022-06-16 08:03:29', '2022-06-16 08:03:29'),
(127, 'Banani', 14, 1, 1, '2022-06-16 08:03:29', '2022-06-16 08:03:29'),
(128, 'Bangshal', 14, 1, 1, '2022-06-16 08:03:29', '2022-06-16 08:03:29'),
(129, 'Bhashantek', 14, 1, 1, '2022-06-16 08:03:29', '2022-06-16 08:03:29'),
(130, 'Cantonment', 14, 1, 1, '2022-06-16 08:03:29', '2022-06-16 08:03:29'),
(131, 'Chackbazar', 14, 1, 1, '2022-06-16 08:03:29', '2022-06-16 08:03:29'),
(132, 'Dakshin Khan', 14, 1, 1, '2022-06-16 08:03:29', '2022-06-16 08:03:29'),
(133, 'Darus-Salam', 14, 1, 1, '2022-06-16 08:03:29', '2022-06-16 08:03:29'),
(134, 'Demra', 14, 2, 1, '2022-06-16 08:03:29', '2022-06-16 08:03:29'),
(135, 'Dhamrai', 14, 1, 1, '2022-06-16 08:03:29', '2022-06-16 08:03:29'),
(136, 'Dhanmondi', 14, 1, 1, '2022-06-16 08:03:29', '2022-06-16 08:03:29'),
(137, 'Dohar', 14, 1, 1, '2022-06-16 08:03:29', '2022-06-16 08:03:29'),
(138, 'Gandaria', 14, 1, 1, '2022-06-16 08:03:29', '2022-06-16 08:03:29'),
(139, 'Gulshan', 14, 1, 1, '2022-06-16 08:03:29', '2022-06-16 08:03:29'),
(140, 'Hatirjheel', 14, 1, 1, '2022-06-16 08:03:29', '2022-06-16 08:03:29'),
(141, 'Hazaribhag', 14, 1, 1, '2022-06-16 08:03:29', '2022-06-16 08:03:29'),
(142, 'Jattrabari', 14, 1, 1, '2022-06-16 08:03:29', '2022-06-16 08:03:29'),
(143, 'Kadamtoli', 14, 1, 1, '2022-06-16 08:03:29', '2022-06-16 08:03:29'),
(144, 'Kafrul', 14, 1, 1, '2022-06-16 08:03:29', '2022-06-16 08:03:29'),
(145, 'Kalabagan', 14, 1, 1, '2022-06-16 08:03:29', '2022-06-16 08:03:29'),
(146, 'Kamrangir Char', 14, 1, 1, '2022-06-16 08:03:29', '2022-06-16 08:03:29'),
(147, 'Keraniganj Model', 14, 1, 1, '2022-06-16 08:03:29', '2022-06-16 08:03:29'),
(148, 'Khilgaon', 14, 1, 1, '2022-06-16 08:03:29', '2022-06-16 08:03:29'),
(149, 'Khilkhet', 14, 1, 1, '2022-06-16 08:03:29', '2022-06-16 08:03:29'),
(150, 'Kotwali', 14, 1, 1, '2022-06-16 08:03:29', '2022-06-16 08:03:29'),
(151, 'Lalbag', 14, 1, 1, '2022-06-16 08:03:29', '2022-06-16 08:03:29'),
(152, 'Mirpur Model', 14, 1, 1, '2022-06-16 08:03:29', '2022-06-16 08:03:29'),
(153, 'Mohammadpur', 14, 1, 1, '2022-06-16 08:03:29', '2022-06-16 08:03:29'),
(154, 'Motijheel', 14, 1, 1, '2022-06-16 08:03:29', '2022-06-16 08:03:29'),
(155, 'Mugda', 14, 1, 1, '2022-06-16 08:03:29', '2022-06-16 08:03:29'),
(156, 'Nawabganj', 14, 1, 1, '2022-06-16 08:03:29', '2022-06-16 08:03:29'),
(157, 'New Market', 14, 1, 1, '2022-06-16 08:03:29', '2022-06-16 08:03:29'),
(158, 'Pallabi', 14, 1, 1, '2022-06-16 08:03:29', '2022-06-16 08:03:29'),
(159, 'Paltan Model', 14, 1, 1, '2022-06-16 08:03:29', '2022-06-16 08:03:29'),
(160, 'Ramna Model', 14, 1, 1, '2022-06-16 08:03:29', '2022-06-16 08:03:29'),
(161, 'Rampura', 14, 1, 1, '2022-06-16 08:03:29', '2022-06-16 08:03:29'),
(162, 'Rupnagar', 14, 1, 1, '2022-06-16 08:03:29', '2022-06-16 08:03:29'),
(163, 'Sabujbhag', 14, 1, 1, '2022-06-16 08:03:29', '2022-06-16 08:03:29'),
(164, 'Savar', 14, 2, 1, '2022-06-16 08:03:29', '2022-07-30 13:46:05'),
(165, 'Shah Ali', 14, 1, 1, '2022-06-16 08:03:29', '2022-06-16 08:03:29'),
(166, 'Shahbag', 14, 1, 1, '2022-06-16 08:03:29', '2022-06-16 08:03:29'),
(167, 'Shahjahanpur', 14, 1, 1, '2022-06-16 08:03:29', '2022-06-16 08:03:29'),
(168, 'Sher e Bangla Nagar', 14, 1, 1, '2022-06-16 08:03:29', '2022-06-16 08:03:29'),
(169, 'Shyampur', 14, 1, 1, '2022-06-16 08:03:29', '2022-06-16 08:03:29'),
(170, 'South Keraniganj', 14, 1, 1, '2022-06-16 08:03:29', '2022-06-16 08:03:29'),
(171, 'Sutrapur', 14, 1, 1, '2022-06-16 08:03:29', '2022-06-16 08:03:29'),
(172, 'Tejgaon', 14, 1, 1, '2022-06-16 08:03:29', '2022-06-16 08:03:29'),
(173, 'Tejgaon Industrial', 14, 1, 1, '2022-06-16 08:03:29', '2022-06-16 08:03:29'),
(174, 'Turag', 14, 1, 1, '2022-06-16 08:03:29', '2022-06-16 08:03:29'),
(175, 'Uttar Khan', 14, 1, 1, '2022-06-16 08:03:29', '2022-06-16 08:03:29'),
(176, 'Uttara East', 14, 1, 1, '2022-06-16 08:03:29', '2022-06-16 08:03:29'),
(177, 'Uttara West', 14, 1, 1, '2022-06-16 08:03:29', '2022-06-16 08:03:29'),
(178, 'WariVatara', 14, 1, 1, '2022-06-16 08:03:29', '2022-06-16 08:03:29'),
(179, 'Birampur', 15, 3, 1, '2022-06-16 08:03:29', '2022-06-16 08:03:29'),
(180, 'Birganj', 15, 3, 1, '2022-06-16 08:03:29', '2022-06-16 08:03:29'),
(181, 'Biral', 15, 3, 1, '2022-06-16 08:03:29', '2022-06-16 08:03:29'),
(182, 'Bochaganj', 15, 3, 1, '2022-06-16 08:03:29', '2022-06-16 08:03:29'),
(183, 'Chirirbandar', 15, 3, 1, '2022-06-16 08:03:29', '2022-06-16 08:03:29'),
(184, 'Phulbari', 15, 3, 1, '2022-06-16 08:03:29', '2022-06-16 08:03:29'),
(185, 'Ghoraghat', 15, 3, 1, '2022-06-16 08:03:29', '2022-06-16 08:03:29'),
(186, 'Hakimpur', 15, 3, 1, '2022-06-16 08:03:29', '2022-06-16 08:03:29'),
(187, 'Kaharole', 15, 3, 1, '2022-06-16 08:03:29', '2022-06-16 08:03:29'),
(188, 'Khansama', 15, 3, 1, '2022-06-16 08:03:29', '2022-06-16 08:03:29'),
(189, 'Dinajpur Sadar', 15, 3, 1, '2022-06-16 08:03:29', '2022-06-16 08:03:29'),
(190, 'Nawabganj', 15, 3, 1, '2022-06-16 08:03:29', '2022-06-16 08:03:29'),
(191, 'Parbatipur', 15, 3, 1, '2022-06-16 08:03:29', '2022-06-16 08:03:29'),
(192, 'Alfadanga', 16, 3, 1, '2022-06-16 08:03:29', '2022-06-16 08:03:29'),
(193, 'Bhanga', 16, 3, 1, '2022-06-16 08:03:29', '2022-06-16 08:03:29'),
(194, 'Boalmari', 16, 3, 1, '2022-06-16 08:03:29', '2022-06-16 08:03:29'),
(195, 'Charbhadrasan', 16, 3, 1, '2022-06-16 08:03:29', '2022-06-16 08:03:29'),
(196, 'Faridpur Sadar', 16, 3, 1, '2022-06-16 08:03:29', '2022-06-16 08:03:29'),
(197, 'Madhukhali', 16, 3, 1, '2022-06-16 08:03:30', '2022-06-16 08:03:30'),
(198, 'Nagarkanda', 16, 3, 1, '2022-06-16 08:03:30', '2022-06-16 08:03:30'),
(199, 'Sadarpur', 16, 3, 1, '2022-06-16 08:03:30', '2022-06-16 08:03:30'),
(200, 'Saltha', 16, 3, 1, '2022-06-16 08:03:30', '2022-06-16 08:03:30'),
(201, 'Chhagalnaiya', 17, 3, 1, '2022-06-16 08:03:30', '2022-06-16 08:03:30'),
(202, 'Daganbhuiyan', 17, 3, 1, '2022-06-16 08:03:30', '2022-06-16 08:03:30'),
(203, 'Feni Sadar', 17, 3, 1, '2022-06-16 08:03:30', '2022-06-16 08:03:30'),
(204, 'Parshuram', 17, 3, 1, '2022-06-16 08:03:30', '2022-06-16 08:03:30'),
(205, 'Sonagazi', 17, 3, 1, '2022-06-16 08:03:30', '2022-06-16 08:03:30'),
(206, 'Fulgazi', 17, 3, 1, '2022-06-16 08:03:30', '2022-06-16 08:03:30'),
(207, 'Phulchhari', 18, 3, 1, '2022-06-16 08:03:30', '2022-06-16 08:03:30'),
(208, 'Gaibandha Sadar', 18, 3, 1, '2022-06-16 08:03:30', '2022-06-16 08:03:30'),
(209, 'Gobindaganj', 18, 3, 1, '2022-06-16 08:03:30', '2022-06-16 08:03:30'),
(210, 'Palashbari', 18, 3, 1, '2022-06-16 08:03:30', '2022-06-16 08:03:30'),
(211, 'Sadullapur', 18, 3, 1, '2022-06-16 08:03:30', '2022-06-16 08:03:30'),
(212, 'Sughatta', 18, 3, 1, '2022-06-16 08:03:30', '2022-06-16 08:03:30'),
(213, 'Sundarganj', 18, 3, 1, '2022-06-16 08:03:30', '2022-06-16 08:03:30'),
(214, 'Gazipur Sadar', 19, 1, 1, '2022-06-16 08:03:30', '2022-06-16 08:03:30'),
(215, 'Kaliakair', 19, 1, 1, '2022-06-16 08:03:30', '2022-06-16 08:03:30'),
(216, 'Kaliganj', 19, 1, 1, '2022-06-16 08:03:30', '2022-06-16 08:03:30'),
(217, 'Kapasia', 19, 1, 1, '2022-06-16 08:03:30', '2022-06-16 08:03:30'),
(218, 'Sreepur', 19, 1, 1, '2022-06-16 08:03:30', '2022-06-16 08:03:30'),
(219, 'Gopalganj Sadar', 20, 3, 1, '2022-06-16 08:03:30', '2022-06-16 08:03:30'),
(220, 'Kashiani', 20, 3, 1, '2022-06-16 08:03:30', '2022-06-16 08:03:30'),
(221, 'Kotalipara', 20, 3, 1, '2022-06-16 08:03:30', '2022-06-16 08:03:30'),
(222, 'Muksudpur', 20, 3, 1, '2022-06-16 08:03:30', '2022-06-16 08:03:30'),
(223, 'Tungipara', 20, 3, 1, '2022-06-16 08:03:30', '2022-06-16 08:03:30'),
(224, 'Ajmiriganj', 21, 3, 1, '2022-06-16 08:03:30', '2022-06-16 08:03:30'),
(225, 'Bahubal', 21, 3, 1, '2022-06-16 08:03:30', '2022-06-16 08:03:30'),
(226, 'Baniyachong', 21, 3, 1, '2022-06-16 08:03:30', '2022-06-16 08:03:30'),
(227, 'Chunarughat', 21, 3, 1, '2022-06-16 08:03:30', '2022-06-16 08:03:30'),
(228, 'Habiganj Sadar', 21, 3, 1, '2022-06-16 08:03:30', '2022-06-16 08:03:30'),
(229, 'Lakhai', 21, 3, 1, '2022-06-16 08:03:30', '2022-06-16 08:03:30'),
(230, 'Madhabpur', 21, 3, 1, '2022-06-16 08:03:30', '2022-06-16 08:03:30'),
(231, 'Nabiganj', 21, 3, 1, '2022-06-16 08:03:30', '2022-06-16 08:03:30'),
(232, 'Sayestaganj', 21, 3, 1, '2022-06-16 08:03:30', '2022-06-16 08:03:30'),
(233, 'Akkelpur', 22, 3, 1, '2022-06-16 08:03:30', '2022-06-16 08:03:30'),
(234, 'Jaipurhat Sadar', 22, 3, 1, '2022-06-16 08:03:30', '2022-06-16 08:03:30'),
(235, 'Kalai', 22, 3, 1, '2022-06-16 08:03:30', '2022-06-16 08:03:30'),
(236, 'Khetlal', 22, 3, 1, '2022-06-16 08:03:30', '2022-06-16 08:03:30'),
(237, 'Panchbibi', 22, 3, 1, '2022-06-16 08:03:30', '2022-06-16 08:03:30'),
(238, 'Baksiganj', 23, 3, 1, '2022-06-16 08:03:30', '2022-06-16 08:03:30'),
(239, 'Dewanganj', 23, 3, 1, '2022-06-16 08:03:30', '2022-06-16 08:03:30'),
(240, 'Islampur', 23, 3, 1, '2022-06-16 08:03:30', '2022-06-16 08:03:30'),
(241, 'Jamalpur Sadar', 23, 3, 1, '2022-06-16 08:03:30', '2022-06-16 08:03:30'),
(242, 'Madarganj', 23, 3, 1, '2022-06-16 08:03:30', '2022-06-16 08:03:30'),
(243, 'Melandaha', 23, 3, 1, '2022-06-16 08:03:30', '2022-06-16 08:03:30'),
(244, 'Sarishabari', 23, 3, 1, '2022-06-16 08:03:30', '2022-06-16 08:03:30'),
(245, 'Abhaynagar', 24, 3, 1, '2022-06-16 08:03:30', '2022-06-16 08:03:30'),
(246, 'Bagherpara', 24, 3, 1, '2022-06-16 08:03:30', '2022-06-16 08:03:30'),
(247, 'Chaugachha', 24, 3, 1, '2022-06-16 08:03:30', '2022-06-16 08:03:30'),
(248, 'Jhikargachha', 24, 3, 1, '2022-06-16 08:03:30', '2022-06-16 08:03:30'),
(249, 'Keshabpur', 24, 3, 1, '2022-06-16 08:03:30', '2022-06-16 08:03:30'),
(250, 'Jashore Sadar', 24, 3, 1, '2022-06-16 08:03:30', '2022-06-16 08:03:30'),
(251, 'Manirampur', 24, 3, 1, '2022-06-16 08:03:30', '2022-06-16 08:03:30'),
(252, 'Sharsha', 24, 3, 1, '2022-06-16 08:03:30', '2022-06-16 08:03:30'),
(253, 'Jhalokati Sadar', 25, 3, 1, '2022-06-16 08:03:30', '2022-06-16 08:03:30'),
(254, 'Kathalia', 25, 3, 1, '2022-06-16 08:03:30', '2022-06-16 08:03:30'),
(255, 'Nalchity', 25, 3, 1, '2022-06-16 08:03:30', '2022-06-16 08:03:30'),
(256, 'Rajapur', 25, 3, 1, '2022-06-16 08:03:30', '2022-06-16 08:03:30'),
(257, 'Harinakunda', 26, 3, 1, '2022-06-16 08:03:30', '2022-06-16 08:03:30'),
(258, 'Jhenaidah Sadar', 26, 3, 1, '2022-06-16 08:03:30', '2022-06-16 08:03:30'),
(259, 'Kaliganj', 26, 3, 1, '2022-06-16 08:03:30', '2022-06-16 08:03:30'),
(260, 'Kotchandpur', 26, 3, 1, '2022-06-16 08:03:30', '2022-06-16 08:03:30'),
(261, 'Maheshpur', 26, 3, 1, '2022-06-16 08:03:30', '2022-06-16 08:03:30'),
(262, 'Shailkupa', 26, 3, 1, '2022-06-16 08:03:30', '2022-06-16 08:03:30'),
(263, 'Dighinala', 27, 3, 1, '2022-06-16 08:03:30', '2022-06-16 08:03:30'),
(264, 'Khagrachhari', 27, 3, 1, '2022-06-16 08:03:30', '2022-06-16 08:03:30'),
(265, 'Lakshmichhari', 27, 3, 1, '2022-06-16 08:03:30', '2022-06-16 08:03:30'),
(266, 'Mahalchhari', 27, 3, 1, '2022-06-16 08:03:30', '2022-06-16 08:03:30'),
(267, 'Manikchhari', 27, 3, 1, '2022-06-16 08:03:30', '2022-06-16 08:03:30'),
(268, 'Matiranga', 27, 3, 1, '2022-06-16 08:03:30', '2022-06-16 08:03:30'),
(269, 'Panchhari', 27, 3, 1, '2022-06-16 08:03:30', '2022-06-16 08:03:30'),
(270, 'Ramgarh', 27, 3, 1, '2022-06-16 08:03:30', '2022-06-16 08:03:30'),
(271, 'Batiaghata', 28, 3, 1, '2022-06-16 08:03:30', '2022-06-16 08:03:30'),
(272, 'Dacope', 28, 3, 1, '2022-06-16 08:03:30', '2022-06-16 08:03:30'),
(273, 'Dumuria', 28, 3, 1, '2022-06-16 08:03:30', '2022-06-16 08:03:30'),
(274, 'Dighalia', 28, 3, 1, '2022-06-16 08:03:30', '2022-06-16 08:03:30'),
(275, 'Koyra', 28, 3, 1, '2022-06-16 08:03:30', '2022-06-16 08:03:30'),
(276, 'Paikgachha', 28, 3, 1, '2022-06-16 08:03:30', '2022-06-16 08:03:30'),
(277, 'Phultala', 28, 3, 1, '2022-06-16 08:03:30', '2022-06-16 08:03:30'),
(278, 'Rupsha', 28, 3, 1, '2022-06-16 08:03:30', '2022-06-16 08:03:30'),
(279, 'Terokhada', 28, 3, 1, '2022-06-16 08:03:30', '2022-06-16 08:03:30'),
(280, 'Daulatpur Thana', 28, 3, 1, '2022-06-16 08:03:30', '2022-06-16 08:03:30'),
(281, 'Khalishpur Thana', 28, 3, 1, '2022-06-16 08:03:30', '2022-06-16 08:03:30'),
(282, 'Khan Jahan Ali Thana', 28, 3, 1, '2022-06-16 08:03:30', '2022-06-16 08:03:30'),
(283, 'Kotwali Thana', 28, 3, 1, '2022-06-16 08:03:30', '2022-06-16 08:03:30'),
(284, 'Sonadanga Thana', 28, 3, 1, '2022-06-16 08:03:30', '2022-06-16 08:03:30'),
(285, 'Harintana Thana', 28, 3, 1, '2022-06-16 08:03:30', '2022-06-16 08:03:30'),
(286, 'Austagram', 29, 3, 1, '2022-06-16 08:03:30', '2022-06-16 08:03:30'),
(287, 'Bajitpur', 29, 3, 1, '2022-06-16 08:03:30', '2022-06-16 08:03:30'),
(288, 'Bhairab', 29, 3, 1, '2022-06-16 08:03:30', '2022-06-16 08:03:30'),
(289, 'Hossainpur', 29, 3, 1, '2022-06-16 08:03:30', '2022-06-16 08:03:30'),
(290, 'Itna', 29, 3, 1, '2022-06-16 08:03:30', '2022-06-16 08:03:30'),
(291, 'Karimganj', 29, 3, 1, '2022-06-16 08:03:30', '2022-06-16 08:03:30'),
(292, 'Katiadi', 29, 3, 1, '2022-06-16 08:03:30', '2022-06-16 08:03:30'),
(293, 'Kishoreganj Sadar', 29, 3, 1, '2022-06-16 08:03:30', '2022-06-16 08:03:30'),
(294, 'Kuliarchar', 29, 3, 1, '2022-06-16 08:03:30', '2022-06-16 08:03:30'),
(295, 'Mithamain', 29, 3, 1, '2022-06-16 08:03:30', '2022-06-16 08:03:30'),
(296, 'Nikli', 29, 3, 1, '2022-06-16 08:03:30', '2022-06-16 08:03:30'),
(297, 'Pakundia', 29, 3, 1, '2022-06-16 08:03:30', '2022-06-16 08:03:30'),
(298, 'Bhurungamari', 30, 3, 1, '2022-06-16 08:03:30', '2022-06-16 08:03:30'),
(299, 'Char Rajibpur', 30, 3, 1, '2022-06-16 08:03:30', '2022-06-16 08:03:30'),
(300, 'Chilmari', 30, 3, 1, '2022-06-16 08:03:30', '2022-06-16 08:03:30'),
(301, 'Phulbari', 30, 3, 1, '2022-06-16 08:03:30', '2022-06-16 08:03:30'),
(302, 'Kurigram Sadar', 30, 3, 1, '2022-06-16 08:03:30', '2022-06-16 08:03:30'),
(303, 'Nageshwari', 30, 3, 1, '2022-06-16 08:03:30', '2022-06-16 08:03:30'),
(304, 'Rajarhat', 30, 3, 1, '2022-06-16 08:03:30', '2022-06-16 08:03:30'),
(305, 'Raomari', 30, 3, 1, '2022-06-16 08:03:30', '2022-06-16 08:03:30'),
(306, 'Ulipur', 30, 3, 1, '2022-06-16 08:03:30', '2022-06-16 08:03:30'),
(307, 'Bheramara', 31, 3, 1, '2022-06-16 08:03:30', '2022-06-16 08:03:30'),
(308, 'Daulatpur', 31, 3, 1, '2022-06-16 08:03:30', '2022-06-16 08:03:30'),
(309, 'Khoksa', 31, 3, 1, '2022-06-16 08:03:30', '2022-06-16 08:03:30'),
(310, 'Kumarkhali', 31, 3, 1, '2022-06-16 08:03:30', '2022-06-16 08:03:30'),
(311, 'Kushtia Sadar', 31, 3, 1, '2022-06-16 08:03:30', '2022-06-16 08:03:30'),
(312, 'Mirpur', 31, 3, 1, '2022-06-16 08:03:30', '2022-06-16 08:03:30'),
(313, 'Aditmari', 32, 3, 1, '2022-06-16 08:03:30', '2022-06-16 08:03:30'),
(314, 'Hatibandha', 32, 3, 1, '2022-06-16 08:03:30', '2022-06-16 08:03:30'),
(315, 'Kaliganj', 32, 3, 1, '2022-06-16 08:03:30', '2022-06-16 08:03:30'),
(316, 'Lalmonirhat Sadar', 32, 3, 1, '2022-06-16 08:03:30', '2022-06-16 08:03:30'),
(317, 'Patgram', 32, 3, 1, '2022-06-16 08:03:30', '2022-06-16 08:03:30'),
(318, 'Lakshmipur Sadar', 33, 3, 1, '2022-06-16 08:03:30', '2022-06-16 08:03:30'),
(319, 'Raipur', 33, 3, 1, '2022-06-16 08:03:30', '2022-06-16 08:03:30'),
(320, 'Ramganj', 33, 3, 1, '2022-06-16 08:03:30', '2022-06-16 08:03:30'),
(321, 'Ramgati', 33, 3, 1, '2022-06-16 08:03:30', '2022-06-16 08:03:30'),
(322, 'Kamalnagar', 33, 3, 1, '2022-06-16 08:03:30', '2022-06-16 08:03:30'),
(323, 'Rajoir', 34, 3, 1, '2022-06-16 08:03:30', '2022-06-16 08:03:30'),
(324, 'Madaripur Sadar', 34, 3, 1, '2022-06-16 08:03:30', '2022-06-16 08:03:30'),
(325, 'Kalkini', 34, 3, 1, '2022-06-16 08:03:30', '2022-06-16 08:03:30'),
(326, 'Shibchar', 34, 3, 1, '2022-06-16 08:03:30', '2022-06-16 08:03:30'),
(327, 'Magura Sadar', 35, 3, 1, '2022-06-16 08:03:30', '2022-06-16 08:03:30'),
(328, 'Mohammadpur', 35, 3, 1, '2022-06-16 08:03:30', '2022-06-16 08:03:30'),
(329, 'Shalikha', 35, 3, 1, '2022-06-16 08:03:30', '2022-06-16 08:03:30'),
(330, 'Sreepur', 35, 3, 1, '2022-06-16 08:03:30', '2022-06-16 08:03:30'),
(331, 'Daulatpur', 36, 3, 1, '2022-06-16 08:03:30', '2022-06-16 08:03:30'),
(332, 'Ghior', 36, 3, 1, '2022-06-16 08:03:30', '2022-06-16 08:03:30'),
(333, 'Harirampur', 36, 3, 1, '2022-06-16 08:03:30', '2022-06-16 08:03:30'),
(334, 'Manikgonj Sadar', 36, 3, 1, '2022-06-16 08:03:30', '2022-06-16 08:03:30'),
(335, 'Saturia', 36, 3, 1, '2022-06-16 08:03:30', '2022-06-16 08:03:30'),
(336, 'Shivalaya', 36, 3, 1, '2022-06-16 08:03:30', '2022-06-16 08:03:30'),
(337, 'Singair', 36, 3, 1, '2022-06-16 08:03:30', '2022-06-16 08:03:30'),
(338, 'Gangni', 37, 3, 1, '2022-06-16 08:03:30', '2022-06-16 08:03:30'),
(339, 'Meherpur Sadar', 37, 3, 1, '2022-06-16 08:03:30', '2022-06-16 08:03:30'),
(340, 'Mujibnagar', 37, 3, 1, '2022-06-16 08:03:30', '2022-06-16 08:03:30'),
(341, 'Barlekha', 38, 3, 1, '2022-06-16 08:03:30', '2022-06-16 08:03:30'),
(342, 'Juri', 38, 3, 1, '2022-06-16 08:03:30', '2022-06-16 08:03:30'),
(343, 'Kamalganj', 38, 3, 1, '2022-06-16 08:03:30', '2022-06-16 08:03:30'),
(344, 'Kulaura', 38, 3, 1, '2022-06-16 08:03:30', '2022-06-16 08:03:30'),
(345, 'Moulvibazar Sadar', 38, 3, 1, '2022-06-16 08:03:30', '2022-06-16 08:03:30'),
(346, 'Rajnagar', 38, 3, 1, '2022-06-16 08:03:30', '2022-06-16 08:03:30'),
(347, 'Sreemangal', 38, 3, 1, '2022-06-16 08:03:30', '2022-06-16 08:03:30'),
(348, 'Gazaria', 39, 3, 1, '2022-06-16 08:03:30', '2022-06-16 08:03:30'),
(349, 'Lohajang', 39, 3, 1, '2022-06-16 08:03:30', '2022-06-16 08:03:30'),
(350, 'Munshiganj Sadar', 39, 3, 1, '2022-06-16 08:03:30', '2022-06-16 08:03:30'),
(351, 'Sirajdikhan', 39, 3, 1, '2022-06-16 08:03:30', '2022-06-16 08:03:30'),
(352, 'Sreenagar', 39, 3, 1, '2022-06-16 08:03:30', '2022-06-16 08:03:30'),
(353, 'Tongibari', 39, 3, 1, '2022-06-16 08:03:30', '2022-06-16 08:03:30'),
(354, 'Trishal', 40, 3, 1, '2022-06-16 08:03:30', '2022-06-16 08:03:30'),
(355, 'Dhobaura', 40, 3, 1, '2022-06-16 08:03:30', '2022-06-16 08:03:30'),
(356, 'Fulbaria', 40, 3, 1, '2022-06-16 08:03:30', '2022-06-16 08:03:30'),
(357, 'Gaffargaon', 40, 3, 1, '2022-06-16 08:03:30', '2022-06-16 08:03:30'),
(358, 'Gauripur', 40, 3, 1, '2022-06-16 08:03:30', '2022-06-16 08:03:30'),
(359, 'Haluaghat', 40, 3, 1, '2022-06-16 08:03:30', '2022-06-16 08:03:30'),
(360, 'Ishwarganj', 40, 3, 1, '2022-06-16 08:03:30', '2022-06-16 08:03:30'),
(361, 'Mymensingh Sadar', 40, 3, 1, '2022-06-16 08:03:30', '2022-06-16 08:03:30'),
(362, 'Muktagachha', 40, 3, 1, '2022-06-16 08:03:30', '2022-06-16 08:03:30'),
(363, 'Nandail', 40, 3, 1, '2022-06-16 08:03:30', '2022-06-16 08:03:30'),
(364, 'Phulpur', 40, 3, 1, '2022-06-16 08:03:30', '2022-06-16 08:03:30'),
(365, 'Bhaluka', 40, 3, 1, '2022-06-16 08:03:30', '2022-06-16 08:03:30'),
(366, 'Tara Khanda', 40, 3, 1, '2022-06-16 08:03:30', '2022-06-16 08:03:30'),
(367, 'Atrai', 41, 3, 1, '2022-06-16 08:03:30', '2022-06-16 08:03:30'),
(368, 'Badalgachhi', 41, 3, 1, '2022-06-16 08:03:30', '2022-06-16 08:03:30'),
(369, 'Manda', 41, 3, 1, '2022-06-16 08:03:30', '2022-06-16 08:03:30'),
(370, 'Dhamoirhat', 41, 3, 1, '2022-06-16 08:03:30', '2022-06-16 08:03:30'),
(371, 'Mohadevpur', 41, 3, 1, '2022-06-16 08:03:30', '2022-06-16 08:03:30'),
(372, 'Naogaon Sadar', 41, 3, 1, '2022-06-16 08:03:30', '2022-06-16 08:03:30'),
(373, 'Niamatpur', 41, 3, 1, '2022-06-16 08:03:30', '2022-06-16 08:03:30'),
(374, 'Patnitala', 41, 3, 1, '2022-06-16 08:03:30', '2022-06-16 08:03:30'),
(375, 'Porsha', 41, 3, 1, '2022-06-16 08:03:30', '2022-06-16 08:03:30'),
(376, 'Raninagar', 41, 3, 1, '2022-06-16 08:03:30', '2022-06-16 08:03:30'),
(377, 'Sapahar', 41, 3, 1, '2022-06-16 08:03:30', '2022-06-16 08:03:30'),
(378, 'Kalia', 42, 3, 1, '2022-06-16 08:03:30', '2022-06-16 08:03:30'),
(379, 'Lohagara', 42, 3, 1, '2022-06-16 08:03:30', '2022-06-16 08:03:30'),
(380, 'Narail Sadar', 42, 3, 1, '2022-06-16 08:03:30', '2022-06-16 08:03:30'),
(381, 'Naragati Thana', 42, 3, 1, '2022-06-16 08:03:30', '2022-06-16 08:03:30'),
(382, 'Araihazar', 43, 2, 1, '2022-06-16 08:03:30', '2022-06-16 08:03:30'),
(383, 'Bandar', 43, 2, 1, '2022-06-16 08:03:30', '2022-06-16 08:03:30'),
(384, 'Narayanganj Sadar', 43, 2, 1, '2022-06-16 08:03:30', '2022-06-16 08:03:30'),
(385, 'Rupganj', 43, 2, 1, '2022-06-16 08:03:30', '2022-06-16 08:03:30'),
(386, 'Sonargaon', 43, 2, 1, '2022-06-16 08:03:30', '2022-06-16 08:03:30'),
(387, 'Narsingdi Sadar', 44, 3, 1, '2022-06-16 08:03:30', '2022-06-16 08:03:30'),
(388, 'Belabo', 44, 3, 1, '2022-06-16 08:03:30', '2022-06-16 08:03:30'),
(389, 'Monohardi', 44, 3, 1, '2022-06-16 08:03:30', '2022-06-16 08:03:30'),
(390, 'Palash', 44, 3, 1, '2022-06-16 08:03:30', '2022-06-16 08:03:30'),
(391, 'Raipura', 44, 3, 1, '2022-06-16 08:03:30', '2022-06-16 08:03:30'),
(392, 'Shibpur', 44, 3, 1, '2022-06-16 08:03:30', '2022-06-16 08:03:30'),
(393, 'Bagatipara', 45, 3, 1, '2022-06-16 08:03:30', '2022-06-16 08:03:30'),
(394, 'Baraigram', 45, 3, 1, '2022-06-16 08:03:30', '2022-06-16 08:03:30'),
(395, 'Gurudaspur', 45, 3, 1, '2022-06-16 08:03:30', '2022-06-16 08:03:30'),
(396, 'Lalpur', 45, 3, 1, '2022-06-16 08:03:30', '2022-06-16 08:03:30'),
(397, 'Natore Sadar', 45, 3, 1, '2022-06-16 08:03:30', '2022-06-16 08:03:30'),
(398, 'Singra', 45, 3, 1, '2022-06-16 08:03:30', '2022-06-16 08:03:30'),
(399, 'Naldanga', 45, 3, 1, '2022-06-16 08:03:30', '2022-06-16 08:03:30'),
(400, 'Atpara', 46, 3, 1, '2022-06-16 08:03:30', '2022-06-16 08:03:30'),
(401, 'Barhatta', 46, 3, 1, '2022-06-16 08:03:30', '2022-06-16 08:03:30'),
(402, 'Durgapur', 46, 3, 1, '2022-06-16 08:03:30', '2022-06-16 08:03:30'),
(403, 'Khaliajuri', 46, 3, 1, '2022-06-16 08:03:30', '2022-06-16 08:03:30'),
(404, 'Kalmakanda', 46, 3, 1, '2022-06-16 08:03:30', '2022-06-16 08:03:30'),
(405, 'Kendua', 46, 3, 1, '2022-06-16 08:03:30', '2022-06-16 08:03:30'),
(406, 'Madan', 46, 3, 1, '2022-06-16 08:03:30', '2022-06-16 08:03:30'),
(407, 'Mohanganj', 46, 3, 1, '2022-06-16 08:03:30', '2022-06-16 08:03:30'),
(408, 'Netrokona Sadar', 46, 3, 1, '2022-06-16 08:03:30', '2022-06-16 08:03:30'),
(409, 'Purbadhala', 46, 3, 1, '2022-06-16 08:03:30', '2022-06-16 08:03:30'),
(410, 'Dimla', 47, 3, 1, '2022-06-16 08:03:30', '2022-06-16 08:03:30'),
(411, 'Domar', 47, 3, 1, '2022-06-16 08:03:30', '2022-06-16 08:03:30'),
(412, 'Jaldhaka', 47, 3, 1, '2022-06-16 08:03:30', '2022-06-16 08:03:30'),
(413, 'Kishoreganj', 47, 3, 1, '2022-06-16 08:03:30', '2022-06-16 08:03:30'),
(414, 'Nilphamari Sadar', 47, 3, 1, '2022-06-16 08:03:30', '2022-06-16 08:03:30'),
(415, 'Saidpur', 47, 3, 1, '2022-06-16 08:03:30', '2022-06-16 08:03:30'),
(416, 'Begumganj', 48, 3, 1, '2022-06-16 08:03:30', '2022-06-16 08:03:30'),
(417, 'Noakhali Sadar', 48, 3, 1, '2022-06-16 08:03:30', '2022-06-16 08:03:30'),
(418, 'Chatkhil', 48, 3, 1, '2022-06-16 08:03:30', '2022-06-16 08:03:30'),
(419, 'Companiganj', 48, 3, 1, '2022-06-16 08:03:30', '2022-06-16 08:03:30'),
(420, 'Hatiya', 48, 3, 1, '2022-06-16 08:03:30', '2022-06-16 08:03:30'),
(421, 'Senbagh', 48, 3, 1, '2022-06-16 08:03:30', '2022-06-16 08:03:30'),
(422, 'Sonaimuri', 48, 3, 1, '2022-06-16 08:03:30', '2022-06-16 08:03:30'),
(423, 'Subarnachar', 48, 3, 1, '2022-06-16 08:03:30', '2022-06-16 08:03:30'),
(424, 'Kabirhat', 48, 3, 1, '2022-06-16 08:03:30', '2022-06-16 08:03:30'),
(425, 'Atgharia', 49, 3, 1, '2022-06-16 08:03:30', '2022-06-16 08:03:30'),
(426, 'Bera', 49, 3, 1, '2022-06-16 08:03:30', '2022-06-16 08:03:30'),
(427, 'Bhangura', 49, 3, 1, '2022-06-16 08:03:30', '2022-06-16 08:03:30'),
(428, 'Chatmohar', 49, 3, 1, '2022-06-16 08:03:30', '2022-06-16 08:03:30'),
(429, 'Faridpur', 49, 3, 1, '2022-06-16 08:03:30', '2022-06-16 08:03:30'),
(430, 'Ishwardi', 49, 3, 1, '2022-06-16 08:03:30', '2022-06-16 08:03:30'),
(431, 'Pabna Sadar', 49, 3, 1, '2022-06-16 08:03:30', '2022-06-16 08:03:30'),
(432, 'Santhia', 49, 3, 1, '2022-06-16 08:03:30', '2022-06-16 08:03:30'),
(433, 'Sujanagar', 49, 3, 1, '2022-06-16 08:03:30', '2022-06-16 08:03:30'),
(434, 'Atwari', 50, 3, 1, '2022-06-16 08:03:30', '2022-06-16 08:03:30'),
(435, 'Boda', 50, 3, 1, '2022-06-16 08:03:30', '2022-06-16 08:03:30'),
(436, 'Debiganj', 50, 3, 1, '2022-06-16 08:03:30', '2022-06-16 08:03:30'),
(437, 'Panchagarh Sadar', 50, 3, 1, '2022-06-16 08:03:30', '2022-06-16 08:03:30'),
(438, 'Tetulia', 50, 3, 1, '2022-06-16 08:03:30', '2022-06-16 08:03:30'),
(439, 'Bauphal', 51, 3, 1, '2022-06-16 08:03:30', '2022-06-16 08:03:30'),
(440, 'Dashmina', 51, 3, 1, '2022-06-16 08:03:30', '2022-06-16 08:03:30'),
(441, 'Galachipa', 51, 3, 1, '2022-06-16 08:03:30', '2022-06-16 08:03:30'),
(442, 'Kalapara', 51, 3, 1, '2022-06-16 08:03:30', '2022-06-16 08:03:30'),
(443, 'Mirzaganj', 51, 3, 1, '2022-06-16 08:03:30', '2022-06-16 08:03:30'),
(444, 'Patuakhali Sadar', 51, 3, 1, '2022-06-16 08:03:30', '2022-06-16 08:03:30'),
(445, 'Rangabali', 51, 3, 1, '2022-06-16 08:03:30', '2022-06-16 08:03:30'),
(446, 'Dumki', 51, 3, 1, '2022-06-16 08:03:30', '2022-06-16 08:03:30'),
(447, 'Bhandaria', 52, 3, 1, '2022-06-16 08:03:30', '2022-06-16 08:03:30'),
(448, 'Kawkhali', 52, 3, 1, '2022-06-16 08:03:30', '2022-06-16 08:03:30'),
(449, 'Mathbaria', 52, 3, 1, '2022-06-16 08:03:30', '2022-06-16 08:03:30'),
(450, 'Nazirpur', 52, 3, 1, '2022-06-16 08:03:30', '2022-06-16 08:03:30'),
(451, 'Pirojpur Sadar', 52, 3, 1, '2022-06-16 08:03:30', '2022-06-16 08:03:30'),
(452, 'Nesarabad (Swarupkati)', 52, 3, 1, '2022-06-16 08:03:30', '2022-06-16 08:03:30'),
(453, 'Zianagar', 52, 3, 1, '2022-06-16 08:03:30', '2022-06-16 08:03:30'),
(454, 'Baliakandi', 53, 3, 1, '2022-06-16 08:03:30', '2022-06-16 08:03:30'),
(455, 'Goalandaghat', 53, 3, 1, '2022-06-16 08:03:30', '2022-06-16 08:03:30'),
(456, 'Pangsha', 53, 3, 1, '2022-06-16 08:03:30', '2022-06-16 08:03:30'),
(457, 'Rajbari Sadar', 53, 3, 1, '2022-06-16 08:03:30', '2022-06-16 08:03:30'),
(458, 'Kalukhali', 53, 3, 1, '2022-06-16 08:03:30', '2022-06-16 08:03:30'),
(459, 'Bagha', 54, 3, 1, '2022-06-16 08:03:30', '2022-06-16 08:03:30'),
(460, 'Bagmara', 54, 3, 1, '2022-06-16 08:03:30', '2022-06-16 08:03:30'),
(461, 'Charghat', 54, 3, 1, '2022-06-16 08:03:30', '2022-06-16 08:03:30'),
(462, 'Durgapur', 54, 3, 1, '2022-06-16 08:03:30', '2022-06-16 08:03:30'),
(463, 'Godagari', 54, 3, 1, '2022-06-16 08:03:30', '2022-06-16 08:03:30'),
(464, 'Mohanpur', 54, 3, 1, '2022-06-16 08:03:30', '2022-06-16 08:03:30'),
(465, 'Paba', 54, 3, 1, '2022-06-16 08:03:30', '2022-06-16 08:03:30'),
(466, 'Puthia', 54, 3, 1, '2022-06-16 08:03:30', '2022-06-16 08:03:30'),
(467, 'Tanore', 54, 3, 1, '2022-06-16 08:03:30', '2022-06-16 08:03:30'),
(468, 'Bagaichhari', 55, 3, 1, '2022-06-16 08:03:30', '2022-06-16 08:03:30'),
(469, 'Barkal', 55, 3, 1, '2022-06-16 08:03:30', '2022-06-16 08:03:30'),
(470, 'Kawkhali (Betbunia)', 55, 3, 1, '2022-06-16 08:03:30', '2022-06-16 08:03:30'),
(471, 'Belaichhari', 55, 3, 1, '2022-06-16 08:03:30', '2022-06-16 08:03:30'),
(472, 'Kaptai', 55, 3, 1, '2022-06-16 08:03:30', '2022-06-16 08:03:30'),
(473, 'Juraichhari', 55, 3, 1, '2022-06-16 08:03:30', '2022-06-16 08:03:30'),
(474, 'Langadu', 55, 3, 1, '2022-06-16 08:03:30', '2022-06-16 08:03:30'),
(475, 'Naniyachar', 55, 3, 1, '2022-06-16 08:03:30', '2022-06-16 08:03:30'),
(476, 'Rajasthali', 55, 3, 1, '2022-06-16 08:03:30', '2022-06-16 08:03:30'),
(477, 'Rangamati Sadar', 55, 3, 1, '2022-06-16 08:03:30', '2022-06-16 08:03:30'),
(478, 'Badarganj', 56, 3, 1, '2022-06-16 08:03:30', '2022-06-16 08:03:30'),
(479, 'Gangachhara', 56, 3, 1, '2022-06-16 08:03:30', '2022-06-16 08:03:30'),
(480, 'Kaunia', 56, 3, 1, '2022-06-16 08:03:30', '2022-06-16 08:03:30'),
(481, 'Rangpur Sadar', 56, 3, 1, '2022-06-16 08:03:30', '2022-06-16 08:03:30'),
(482, 'Mithapukur', 56, 3, 1, '2022-06-16 08:03:30', '2022-06-16 08:03:30'),
(483, 'Pirgachha', 56, 3, 1, '2022-06-16 08:03:30', '2022-06-16 08:03:30'),
(484, 'Pirganj', 56, 3, 1, '2022-06-16 08:03:30', '2022-06-16 08:03:30'),
(485, 'Taraganj', 56, 3, 1, '2022-06-16 08:03:30', '2022-06-16 08:03:30'),
(486, 'Assasuni', 57, 3, 1, '2022-06-16 08:03:30', '2022-06-16 08:03:30'),
(487, 'Debhata', 57, 3, 1, '2022-06-16 08:03:30', '2022-06-16 08:03:30'),
(488, 'Kalaroa', 57, 3, 1, '2022-06-16 08:03:30', '2022-06-16 08:03:30'),
(489, 'Kaliganj', 57, 3, 1, '2022-06-16 08:03:30', '2022-06-16 08:03:30'),
(490, 'Satkhira Sadar', 57, 3, 1, '2022-06-16 08:03:30', '2022-06-16 08:03:30'),
(491, 'Shyamnagar', 57, 3, 1, '2022-06-16 08:03:30', '2022-06-16 08:03:30'),
(492, 'Tala', 57, 3, 1, '2022-06-16 08:03:30', '2022-06-16 08:03:30'),
(493, 'Bhedarganj', 58, 3, 1, '2022-06-16 08:03:30', '2022-06-16 08:03:30'),
(494, 'Damudya', 58, 3, 1, '2022-06-16 08:03:30', '2022-06-16 08:03:30'),
(495, 'Gosairhat', 58, 3, 1, '2022-06-16 08:03:30', '2022-06-16 08:03:30'),
(496, 'Naria', 58, 3, 1, '2022-06-16 08:03:30', '2022-06-16 08:03:30'),
(497, 'Shariatpur Sadar', 58, 3, 1, '2022-06-16 08:03:30', '2022-06-16 08:03:30'),
(498, 'Zajira', 58, 3, 1, '2022-06-16 08:03:30', '2022-06-16 08:03:30'),
(499, 'Shakhipur', 58, 3, 1, '2022-06-16 08:03:30', '2022-06-16 08:03:30'),
(500, 'Jhenaigati', 59, 3, 1, '2022-06-16 08:03:30', '2022-06-16 08:03:30'),
(501, 'Nakla', 59, 3, 1, '2022-06-16 08:03:30', '2022-06-16 08:03:30'),
(502, 'Nalitabari', 59, 3, 1, '2022-06-16 08:03:30', '2022-06-16 08:03:30'),
(503, 'Sherpur Sadar', 59, 3, 1, '2022-06-16 08:03:30', '2022-06-16 08:03:30'),
(504, 'Sreebardi', 59, 3, 1, '2022-06-16 08:03:30', '2022-06-16 08:03:30'),
(505, 'Belkuchi', 60, 3, 1, '2022-06-16 08:03:30', '2022-06-16 08:03:30'),
(506, 'Chauhali', 60, 3, 1, '2022-06-16 08:03:30', '2022-06-16 08:03:30'),
(507, 'Kamarkhanda', 60, 3, 1, '2022-06-16 08:03:30', '2022-06-16 08:03:30'),
(508, 'Kazipur', 60, 3, 1, '2022-06-16 08:03:30', '2022-06-16 08:03:30'),
(509, 'Raiganj', 60, 3, 1, '2022-06-16 08:03:30', '2022-06-16 08:03:30'),
(510, 'Shahjadpur', 60, 3, 1, '2022-06-16 08:03:30', '2022-06-16 08:03:30'),
(511, 'Sirajganj Sadar', 60, 3, 1, '2022-06-16 08:03:30', '2022-06-16 08:03:30'),
(512, 'Tarash', 60, 3, 1, '2022-06-16 08:03:30', '2022-06-16 08:03:30'),
(513, 'Ullahpara', 60, 3, 1, '2022-06-16 08:03:30', '2022-06-16 08:03:30'),
(514, 'Bishwamvarpur', 61, 3, 1, '2022-06-16 08:03:30', '2022-06-16 08:03:30'),
(515, 'Chhatak', 61, 3, 1, '2022-06-16 08:03:30', '2022-06-16 08:03:30'),
(516, 'Dakshin Sunamganj', 61, 3, 1, '2022-06-16 08:03:30', '2022-06-16 08:03:30'),
(517, 'Derai', 61, 3, 1, '2022-06-16 08:03:30', '2022-06-16 08:03:30'),
(518, 'Dharamapasha', 61, 3, 1, '2022-06-16 08:03:30', '2022-06-16 08:03:30'),
(519, 'Dowarabazar', 61, 3, 1, '2022-06-16 08:03:30', '2022-06-16 08:03:30'),
(520, 'Jagannathpur', 61, 3, 1, '2022-06-16 08:03:30', '2022-06-16 08:03:30'),
(521, 'Jamalganj', 61, 3, 1, '2022-06-16 08:03:30', '2022-06-16 08:03:30'),
(522, 'Sullah', 61, 3, 1, '2022-06-16 08:03:30', '2022-06-16 08:03:30'),
(523, 'Sunamganj Sadar', 61, 3, 1, '2022-06-16 08:03:30', '2022-06-16 08:03:30'),
(524, 'Tahirpur', 61, 3, 1, '2022-06-16 08:03:30', '2022-06-16 08:03:30'),
(525, 'Balaganj', 62, 3, 1, '2022-06-16 08:03:30', '2022-06-16 08:03:30'),
(526, 'Beanibazar', 62, 3, 1, '2022-06-16 08:03:30', '2022-06-16 08:03:30'),
(527, 'Bishwanath', 62, 3, 1, '2022-06-16 08:03:30', '2022-06-16 08:03:30'),
(528, 'Companigonj', 62, 3, 1, '2022-06-16 08:03:30', '2022-06-16 08:03:30'),
(529, 'Dakshin Surma', 62, 3, 1, '2022-06-16 08:03:30', '2022-06-16 08:03:30'),
(530, 'Fenchuganj', 62, 3, 1, '2022-06-16 08:03:30', '2022-06-16 08:03:30'),
(531, 'Golapganj', 62, 3, 1, '2022-06-16 08:03:30', '2022-06-16 08:03:30'),
(532, 'Gowainghat', 62, 3, 1, '2022-06-16 08:03:30', '2022-06-16 08:03:30'),
(533, 'Jaintiapur', 62, 3, 1, '2022-06-16 08:03:30', '2022-06-16 08:03:30'),
(534, 'Kanaighat', 62, 3, 1, '2022-06-16 08:03:30', '2022-06-16 08:03:30'),
(535, 'Osmani Nagar', 62, 3, 1, '2022-06-16 08:03:30', '2022-06-16 08:03:30'),
(536, 'Sylhet Sadar', 62, 3, 1, '2022-06-16 08:03:30', '2022-06-16 08:03:30'),
(537, 'Zakiganj', 62, 3, 1, '2022-06-16 08:03:30', '2022-06-16 08:03:30'),
(538, 'Gopalpur', 63, 3, 1, '2022-06-16 08:03:30', '2022-06-16 08:03:30'),
(539, 'Basail', 63, 3, 1, '2022-06-16 08:03:30', '2022-06-16 08:03:30'),
(540, 'Bhuapur', 63, 3, 1, '2022-06-16 08:03:30', '2022-06-16 08:03:30'),
(541, 'Delduar', 63, 3, 1, '2022-06-16 08:03:30', '2022-06-16 08:03:30'),
(542, 'Ghatail', 63, 3, 1, '2022-06-16 08:03:30', '2022-06-16 08:03:30'),
(543, 'Kalihati', 63, 3, 1, '2022-06-16 08:03:30', '2022-06-16 08:03:30'),
(544, 'Madhupur', 63, 3, 1, '2022-06-16 08:03:30', '2022-06-16 08:03:30'),
(545, 'Mirzapur', 63, 3, 1, '2022-06-16 08:03:30', '2022-06-16 08:03:30'),
(546, 'Nagarpur', 63, 3, 1, '2022-06-16 08:03:30', '2022-06-16 08:03:30'),
(547, 'Sakhipur', 63, 3, 1, '2022-06-16 08:03:30', '2022-06-16 08:03:30'),
(548, 'Dhanbari', 63, 3, 1, '2022-06-16 08:03:30', '2022-06-16 08:03:30'),
(549, 'Tangail Sadar', 63, 3, 1, '2022-06-16 08:03:30', '2022-06-16 08:03:30'),
(550, 'Baliadangi', 64, 3, 1, '2022-06-16 08:03:30', '2022-06-16 08:03:30'),
(551, 'Haripur', 64, 3, 1, '2022-06-16 08:03:30', '2022-06-16 08:03:30'),
(552, 'Pirganj', 64, 3, 1, '2022-06-16 08:03:30', '2022-06-16 08:03:30'),
(553, 'Ranisankail', 64, 3, 1, '2022-06-16 08:03:30', '2022-06-16 08:03:30'),
(554, 'Thakurgaon Sadar', 64, 3, 1, '2022-06-16 08:03:30', '2022-06-16 08:03:30');

-- --------------------------------------------------------

--
-- Table structure for table `assets`
--

CREATE TABLE `assets` (
  `id` bigint(20) UNSIGNED NOT NULL,
  `bank_id` int(11) DEFAULT NULL,
  `name` varchar(255) COLLATE utf8mb4_unicode_ci DEFAULT NULL,
  `amount` double DEFAULT NULL,
  `reduction_amount` double DEFAULT NULL,
  `reduction_period` double DEFAULT NULL,
  `depreciation_value` double DEFAULT NULL,
  `note` text COLLATE utf8mb4_unicode_ci DEFAULT NULL,
  `purchase_date` date DEFAULT NULL,
  `created_at` timestamp NULL DEFAULT NULL,
  `updated_at` timestamp NULL DEFAULT NULL
) ENGINE=InnoDB DEFAULT CHARSET=utf8mb4 COLLATE=utf8mb4_unicode_ci;

--
-- Dumping data for table `assets`
--

INSERT INTO `assets` (`id`, `bank_id`, `name`, `amount`, `reduction_amount`, `reduction_period`, `depreciation_value`, `note`, `purchase_date`, `created_at`, `updated_at`) VALUES
(1, 1, 'Table', 5000, 50, 60, 2000, 'Test', '2022-09-06', '2022-10-13 17:25:44', '2022-10-13 19:08:10'),
(2, 1, 'Printer', 2300, 100, 23, 0, 'Office Use Only', '2022-10-13', '2022-10-16 00:23:27', '2022-10-16 00:23:27');

-- --------------------------------------------------------

--
-- Table structure for table `asset_deductions`
--

CREATE TABLE `asset_deductions` (
  `id` bigint(20) UNSIGNED NOT NULL,
  `asset_id` int(11) DEFAULT NULL,
  `amount` double DEFAULT NULL,
  `created_at` timestamp NULL DEFAULT NULL,
  `updated_at` timestamp NULL DEFAULT NULL
) ENGINE=InnoDB DEFAULT CHARSET=utf8mb4 COLLATE=utf8mb4_unicode_ci;

--
-- Dumping data for table `asset_deductions`
--

INSERT INTO `asset_deductions` (`id`, `asset_id`, `amount`, `created_at`, `updated_at`) VALUES
(1, 2, 100, '2022-10-16 03:16:41', '2022-10-16 03:16:41'),
(2, 1, 50, '2022-10-16 03:16:41', '2022-10-16 03:16:41');

-- --------------------------------------------------------

--
-- Table structure for table `banks`
--

CREATE TABLE `banks` (
  `id` bigint(20) UNSIGNED NOT NULL,
  `name` varchar(255) COLLATE utf8mb4_unicode_ci NOT NULL,
  `account_number` varchar(255) COLLATE utf8mb4_unicode_ci NOT NULL,
  `description` text COLLATE utf8mb4_unicode_ci DEFAULT NULL,
  `created_at` timestamp NULL DEFAULT NULL,
  `updated_at` timestamp NULL DEFAULT NULL
) ENGINE=InnoDB DEFAULT CHARSET=utf8mb4 COLLATE=utf8mb4_unicode_ci;

--
-- Dumping data for table `banks`
--

INSERT INTO `banks` (`id`, `name`, `account_number`, `description`, `created_at`, `updated_at`) VALUES
(1, 'Cash', '1298374', NULL, '2022-10-01 20:36:23', '2022-10-01 20:36:23'),
(2, 'UCB', '0975463748', NULL, '2022-10-01 20:36:52', '2022-10-01 20:36:52');

-- --------------------------------------------------------

--
-- Table structure for table `bank_contras`
--

CREATE TABLE `bank_contras` (
  `id` bigint(20) UNSIGNED NOT NULL,
  `from_id` int(11) NOT NULL,
  `to_id` int(11) NOT NULL,
  `amount` double DEFAULT NULL,
  `note` text COLLATE utf8mb4_unicode_ci DEFAULT NULL,
  `date` date DEFAULT NULL,
  `created_at` timestamp NULL DEFAULT NULL,
  `updated_at` timestamp NULL DEFAULT NULL
) ENGINE=InnoDB DEFAULT CHARSET=utf8mb4 COLLATE=utf8mb4_unicode_ci;

--
-- Dumping data for table `bank_contras`
--

INSERT INTO `bank_contras` (`id`, `from_id`, `to_id`, `amount`, `note`, `date`, `created_at`, `updated_at`) VALUES
(1, 1, 2, 1000, 'test', '2022-10-22', '2022-10-22 03:37:28', '2022-10-22 03:37:28');

-- --------------------------------------------------------

--
-- Table structure for table `bank_transactions`
--

CREATE TABLE `bank_transactions` (
  `id` bigint(20) UNSIGNED NOT NULL,
  `bank_id` int(11) NOT NULL,
  `credit` double DEFAULT NULL,
  `debit` double DEFAULT NULL,
  `note` text COLLATE utf8mb4_unicode_ci DEFAULT NULL,
  `date` date DEFAULT NULL,
  `other_income` int(11) DEFAULT NULL,
  `created_at` timestamp NULL DEFAULT NULL,
  `updated_at` timestamp NULL DEFAULT NULL
) ENGINE=InnoDB DEFAULT CHARSET=utf8mb4 COLLATE=utf8mb4_unicode_ci;

--
-- Dumping data for table `bank_transactions`
--

INSERT INTO `bank_transactions` (`id`, `bank_id`, `credit`, `debit`, `note`, `date`, `other_income`, `created_at`, `updated_at`) VALUES
(1, 1, 20000, NULL, 'Opening Balance', NULL, NULL, '2022-10-01 20:36:23', '2022-10-01 20:36:23'),
(2, 2, 16000, NULL, 'Opening Balance', NULL, NULL, '2022-10-01 20:36:52', '2022-10-01 20:36:52'),
(3, 2, NULL, 5000, 'Cotton Shirt', NULL, NULL, '2022-10-02 01:46:34', '2022-10-02 01:46:34'),
(4, 1, NULL, 3000, 'Test purchase for accessory.', NULL, NULL, '2022-10-06 01:20:43', '2022-10-06 01:20:43'),
(5, 1, NULL, 5000, 'test', NULL, NULL, '2022-10-13 17:25:44', '2022-10-13 17:25:44'),
(6, 1, NULL, 2300, 'Office Use Only', NULL, NULL, '2022-10-16 00:23:27', '2022-10-16 00:23:27'),
(7, 1, NULL, 2000, 'Office Rent', NULL, NULL, '2022-10-16 04:45:24', '2022-10-16 04:45:24'),
(8, 2, NULL, 500, 'Stationire', NULL, NULL, '2022-10-16 20:19:34', '2022-10-16 20:19:34'),
(9, 1, 1000, NULL, 'sell Paper', NULL, 1, '2022-10-16 20:53:44', '2022-10-16 20:53:44'),
(10, 1, NULL, 1000, 'test', '2022-10-20', NULL, '2022-10-20 18:59:07', '2022-10-20 18:59:07'),
(11, 2, 1000, NULL, 'test', '2022-10-22', NULL, '2022-10-22 03:37:28', '2022-10-22 03:37:28'),
(12, 1, NULL, 1000, 'test', '2022-10-22', NULL, '2022-10-22 03:37:28', '2022-10-22 03:37:28'),
(13, 2, 7000, NULL, 'New Invest', '2022-10-23', NULL, '2022-10-23 13:36:01', '2022-10-23 13:36:01'),
(14, 2, NULL, 3000, 'withdaw', '2022-10-23', NULL, '2022-10-23 13:37:27', '2022-10-23 13:37:27');

-- --------------------------------------------------------

--
-- Table structure for table `brands`
--

CREATE TABLE `brands` (
  `id` bigint(20) UNSIGNED NOT NULL,
  `title` varchar(255) COLLATE utf8mb4_unicode_ci NOT NULL,
  `image` varchar(255) COLLATE utf8mb4_unicode_ci DEFAULT NULL,
  `description` text COLLATE utf8mb4_unicode_ci DEFAULT NULL,
  `meta_title` varchar(255) COLLATE utf8mb4_unicode_ci DEFAULT NULL,
  `meta_image` varchar(255) COLLATE utf8mb4_unicode_ci DEFAULT NULL,
  `meta_description` varchar(255) COLLATE utf8mb4_unicode_ci DEFAULT NULL,
  `is_active` int(11) NOT NULL DEFAULT 1,
  `created_at` timestamp NULL DEFAULT NULL,
  `updated_at` timestamp NULL DEFAULT NULL
) ENGINE=InnoDB DEFAULT CHARSET=utf8mb4 COLLATE=utf8mb4_unicode_ci;

--
-- Dumping data for table `brands`
--

INSERT INTO `brands` (`id`, `title`, `image`, `description`, `meta_title`, `meta_image`, `meta_description`, `is_active`, `created_at`, `updated_at`) VALUES
(1, 'G Star', '1655371157.jpg', NULL, NULL, NULL, NULL, 1, '2022-06-16 08:19:17', '2022-06-16 08:19:17');

-- --------------------------------------------------------

--
-- Table structure for table `categories`
--

CREATE TABLE `categories` (
  `id` bigint(20) UNSIGNED NOT NULL,
  `title` varchar(255) COLLATE utf8mb4_unicode_ci NOT NULL,
  `parent_id` int(11) NOT NULL DEFAULT 0,
  `position` int(11) NOT NULL DEFAULT 1,
  `image` varchar(255) COLLATE utf8mb4_unicode_ci DEFAULT NULL,
  `banner` varchar(255) COLLATE utf8mb4_unicode_ci DEFAULT NULL,
  `description` text COLLATE utf8mb4_unicode_ci DEFAULT NULL,
  `meta_title` varchar(255) COLLATE utf8mb4_unicode_ci DEFAULT NULL,
  `meta_image` varchar(255) COLLATE utf8mb4_unicode_ci DEFAULT NULL,
  `meta_description` varchar(255) COLLATE utf8mb4_unicode_ci DEFAULT NULL,
  `is_featured` int(11) NOT NULL DEFAULT 0,
  `is_active` int(11) NOT NULL DEFAULT 1,
  `created_at` timestamp NULL DEFAULT NULL,
  `updated_at` timestamp NULL DEFAULT NULL
) ENGINE=InnoDB DEFAULT CHARSET=utf8mb4 COLLATE=utf8mb4_unicode_ci;

--
-- Dumping data for table `categories`
--

INSERT INTO `categories` (`id`, `title`, `parent_id`, `position`, `image`, `banner`, `description`, `meta_title`, `meta_image`, `meta_description`, `is_featured`, `is_active`, `created_at`, `updated_at`) VALUES
(1, 'T-Shirt', 0, 1, '1656241524.jpg', 'banner_1655879487.jpg', NULL, NULL, NULL, NULL, 1, 1, '2022-06-16 08:14:56', '2022-06-26 10:05:24'),
(2, 'Polo', 1, 2, '1656242629.jpg', 'banner_1656242629.jpg', NULL, NULL, NULL, NULL, 0, 1, '2022-06-16 10:03:12', '2022-06-26 10:23:49'),
(3, 'Shirt', 0, 3, '1655879846.jpg', 'banner_1655879522.jpg', NULL, NULL, NULL, NULL, 1, 1, '2022-06-20 06:10:23', '2022-06-22 05:37:26'),
(4, 'Half sleeve shirt', 0, 4, '1655879878.jpg', 'banner_1655879552.jpg', NULL, NULL, NULL, NULL, 1, 1, '2022-06-22 05:26:38', '2022-06-28 15:41:01'),
(5, 'Half sleeve katua', 0, 5, '1655879250.jpg', NULL, NULL, NULL, NULL, NULL, 1, 1, '2022-06-22 05:27:30', '2022-06-28 15:41:16'),
(6, 'Joggers', 0, 6, '1655879899.jpg', 'banner_1655879609.jpg', NULL, NULL, NULL, NULL, 1, 1, '2022-06-22 05:28:43', '2022-06-28 15:41:42');

-- --------------------------------------------------------

--
-- Table structure for table `coupons`
--

CREATE TABLE `coupons` (
  `id` bigint(20) UNSIGNED NOT NULL,
  `name` varchar(255) COLLATE utf8mb4_unicode_ci DEFAULT NULL,
  `code` varchar(255) COLLATE utf8mb4_unicode_ci NOT NULL,
  `discount` double DEFAULT NULL,
  `amount` double DEFAULT NULL,
  `purchase_amount` double DEFAULT NULL,
  `valid_from` date NOT NULL,
  `valid_to` date NOT NULL,
  `single_use` int(11) NOT NULL DEFAULT 0,
  `created_at` timestamp NULL DEFAULT NULL,
  `updated_at` timestamp NULL DEFAULT NULL
) ENGINE=InnoDB DEFAULT CHARSET=utf8mb4 COLLATE=utf8mb4_unicode_ci;

-- --------------------------------------------------------

--
-- Table structure for table `districts`
--

CREATE TABLE `districts` (
  `id` bigint(20) UNSIGNED NOT NULL,
  `name` varchar(255) COLLATE utf8mb4_unicode_ci NOT NULL,
  `is_active` int(11) NOT NULL DEFAULT 1,
  `created_at` timestamp NULL DEFAULT NULL,
  `updated_at` timestamp NULL DEFAULT NULL
) ENGINE=InnoDB DEFAULT CHARSET=utf8mb4 COLLATE=utf8mb4_unicode_ci;

--
-- Dumping data for table `districts`
--

INSERT INTO `districts` (`id`, `name`, `is_active`, `created_at`, `updated_at`) VALUES
(1, 'Bagerhat', 1, '2022-06-16 08:03:18', '2022-06-16 08:03:18'),
(2, 'Bandarban', 1, '2022-06-16 08:03:18', '2022-06-16 08:03:18'),
(3, 'Barguna', 1, '2022-06-16 08:03:18', '2022-06-16 08:03:18'),
(4, 'Barishal', 1, '2022-06-16 08:03:18', '2022-06-16 08:03:18'),
(5, 'Bhola', 1, '2022-06-16 08:03:18', '2022-06-16 08:03:18'),
(6, 'Bogura', 1, '2022-06-16 08:03:18', '2022-06-16 08:03:18'),
(7, 'Brahmanbaria', 1, '2022-06-16 08:03:18', '2022-06-16 08:03:18'),
(8, 'Chandpur', 1, '2022-06-16 08:03:18', '2022-06-16 08:03:18'),
(9, 'Chapai Nawabganj', 1, '2022-06-16 08:03:18', '2022-06-16 08:03:18'),
(10, 'Chattogram', 1, '2022-06-16 08:03:18', '2022-06-16 08:03:18'),
(11, 'Chuadanga', 1, '2022-06-16 08:03:18', '2022-06-16 08:03:18'),
(12, 'Cox\'s Bazar', 1, '2022-06-16 08:03:18', '2022-06-16 08:03:18'),
(13, 'Cumilla', 1, '2022-06-16 08:03:18', '2022-06-16 08:03:18'),
(14, 'Dhaka', 1, '2022-06-16 08:03:18', '2022-06-16 08:03:18'),
(15, 'Dinajpur', 1, '2022-06-16 08:03:18', '2022-06-16 08:03:18'),
(16, 'Faridpur', 1, '2022-06-16 08:03:18', '2022-06-16 08:03:18'),
(17, 'Feni', 1, '2022-06-16 08:03:18', '2022-06-16 08:03:18'),
(18, 'Gaibandha', 1, '2022-06-16 08:03:18', '2022-06-16 08:03:18'),
(19, 'Gazipur', 1, '2022-06-16 08:03:18', '2022-06-16 08:03:18'),
(20, 'Gopalganj', 1, '2022-06-16 08:03:18', '2022-06-16 08:03:18'),
(21, 'Habiganj', 1, '2022-06-16 08:03:18', '2022-06-16 08:03:18'),
(22, 'Jaipurhat', 1, '2022-06-16 08:03:18', '2022-06-16 08:03:18'),
(23, 'Jamalpur', 1, '2022-06-16 08:03:18', '2022-06-16 08:03:18'),
(24, 'Jashore', 1, '2022-06-16 08:03:18', '2022-06-16 08:03:18'),
(25, 'Jhalokati', 1, '2022-06-16 08:03:18', '2022-06-16 08:03:18'),
(26, 'Jhenaidah', 1, '2022-06-16 08:03:18', '2022-06-16 08:03:18'),
(27, 'Khagrachhari', 1, '2022-06-16 08:03:18', '2022-06-16 08:03:18'),
(28, 'Khulna', 1, '2022-06-16 08:03:18', '2022-06-16 08:03:18'),
(29, 'Kishoreganj', 1, '2022-06-16 08:03:18', '2022-06-16 08:03:18'),
(30, 'Kurigram', 1, '2022-06-16 08:03:18', '2022-06-16 08:03:18'),
(31, 'Kushtia', 1, '2022-06-16 08:03:18', '2022-06-16 08:03:18'),
(32, 'Lalmonirhat', 1, '2022-06-16 08:03:18', '2022-06-16 08:03:18'),
(33, 'Lakshmipur', 1, '2022-06-16 08:03:18', '2022-06-16 08:03:18'),
(34, 'Madaripur', 1, '2022-06-16 08:03:18', '2022-06-16 08:03:18'),
(35, 'Magura', 1, '2022-06-16 08:03:18', '2022-06-16 08:03:18'),
(36, 'Manikganj', 1, '2022-06-16 08:03:18', '2022-06-16 08:03:18'),
(37, 'Meherpur', 1, '2022-06-16 08:03:18', '2022-06-16 08:03:18'),
(38, 'Mauluvibazar', 1, '2022-06-16 08:03:18', '2022-06-16 08:03:18'),
(39, 'Munshiganj', 1, '2022-06-16 08:03:18', '2022-06-16 08:03:18'),
(40, 'Mymensingh', 1, '2022-06-16 08:03:18', '2022-06-16 08:03:18'),
(41, 'Naogaon', 1, '2022-06-16 08:03:18', '2022-06-16 08:03:18'),
(42, 'Narail', 1, '2022-06-16 08:03:18', '2022-06-16 08:03:18'),
(43, 'Narayanganj', 1, '2022-06-16 08:03:18', '2022-06-16 08:03:18'),
(44, 'Narsingdi', 1, '2022-06-16 08:03:18', '2022-06-16 08:03:18'),
(45, 'Natore', 1, '2022-06-16 08:03:18', '2022-06-16 08:03:18'),
(46, 'Netrokona', 1, '2022-06-16 08:03:18', '2022-06-16 08:03:18'),
(47, 'Nilphamari', 1, '2022-06-16 08:03:18', '2022-06-16 08:03:18'),
(48, 'Noakhali', 1, '2022-06-16 08:03:18', '2022-06-16 08:03:18'),
(49, 'Pabna', 1, '2022-06-16 08:03:18', '2022-06-16 08:03:18'),
(50, 'Panchagarh', 1, '2022-06-16 08:03:18', '2022-06-16 08:03:18'),
(51, 'Patuakhali', 1, '2022-06-16 08:03:18', '2022-06-16 08:03:18'),
(52, 'Pirojpur', 1, '2022-06-16 08:03:18', '2022-06-16 08:03:18'),
(53, 'Rajbari', 1, '2022-06-16 08:03:18', '2022-06-16 08:03:18'),
(54, 'Rajshahi', 1, '2022-06-16 08:03:18', '2022-06-16 08:03:18'),
(55, 'Rangamati', 1, '2022-06-16 08:03:18', '2022-06-16 08:03:18'),
(56, 'Rangpur', 1, '2022-06-16 08:03:18', '2022-06-16 08:03:18'),
(57, 'Satkhira', 1, '2022-06-16 08:03:18', '2022-06-16 08:03:18'),
(58, 'Shariatpur', 1, '2022-06-16 08:03:18', '2022-06-16 08:03:18'),
(59, 'Sherpur', 1, '2022-06-16 08:03:18', '2022-06-16 08:03:18'),
(60, 'Sirajganj', 1, '2022-06-16 08:03:18', '2022-06-16 08:03:18'),
(61, 'Sunamganj', 1, '2022-06-16 08:03:18', '2022-06-16 08:03:18'),
(62, 'Sylhet', 1, '2022-06-16 08:03:18', '2022-06-16 08:03:18'),
(63, 'Tangail', 1, '2022-06-16 08:03:18', '2022-06-16 08:03:18'),
(64, 'Thakurgaon', 1, '2022-06-16 08:03:18', '2022-06-16 08:03:18');

-- --------------------------------------------------------

--
-- Table structure for table `expenses`
--

CREATE TABLE `expenses` (
  `id` bigint(20) UNSIGNED NOT NULL,
  `type` varchar(255) COLLATE utf8mb4_unicode_ci NOT NULL,
  `created_at` timestamp NULL DEFAULT NULL,
  `updated_at` timestamp NULL DEFAULT NULL
) ENGINE=InnoDB DEFAULT CHARSET=utf8mb4 COLLATE=utf8mb4_unicode_ci;

--
-- Dumping data for table `expenses`
--

INSERT INTO `expenses` (`id`, `type`, `created_at`, `updated_at`) VALUES
(1, 'Office rent', '2022-10-16 04:44:01', '2022-10-16 04:44:01'),
(2, 'Other Expense', '2022-10-16 20:15:43', '2022-10-16 20:15:43');

-- --------------------------------------------------------

--
-- Table structure for table `expense_entries`
--

CREATE TABLE `expense_entries` (
  `id` bigint(20) UNSIGNED NOT NULL,
  `expense_id` int(11) NOT NULL,
  `amount` double NOT NULL,
  `bank_id` int(11) DEFAULT NULL,
  `note` text COLLATE utf8mb4_unicode_ci DEFAULT NULL,
  `date` date DEFAULT NULL,
  `created_at` timestamp NULL DEFAULT NULL,
  `updated_at` timestamp NULL DEFAULT NULL
) ENGINE=InnoDB DEFAULT CHARSET=utf8mb4 COLLATE=utf8mb4_unicode_ci;

--
-- Dumping data for table `expense_entries`
--

INSERT INTO `expense_entries` (`id`, `expense_id`, `amount`, `bank_id`, `note`, `date`, `created_at`, `updated_at`) VALUES
(1, 1, 2000, 1, 'Office Rent', NULL, '2022-10-16 04:45:24', '2022-10-16 04:45:24'),
(2, 2, 500, 2, 'Stationire', NULL, '2022-10-16 20:19:34', '2022-10-16 20:19:34');

-- --------------------------------------------------------

--
-- Table structure for table `failed_jobs`
--

CREATE TABLE `failed_jobs` (
  `id` bigint(20) UNSIGNED NOT NULL,
  `uuid` varchar(255) COLLATE utf8mb4_unicode_ci NOT NULL,
  `connection` text COLLATE utf8mb4_unicode_ci NOT NULL,
  `queue` text COLLATE utf8mb4_unicode_ci NOT NULL,
  `payload` longtext COLLATE utf8mb4_unicode_ci NOT NULL,
  `exception` longtext COLLATE utf8mb4_unicode_ci NOT NULL,
  `failed_at` timestamp NOT NULL DEFAULT current_timestamp()
) ENGINE=InnoDB DEFAULT CHARSET=utf8mb4 COLLATE=utf8mb4_unicode_ci;

-- --------------------------------------------------------

--
-- Table structure for table `migrations`
--

CREATE TABLE `migrations` (
  `id` int(10) UNSIGNED NOT NULL,
  `migration` varchar(255) COLLATE utf8mb4_unicode_ci NOT NULL,
  `batch` int(11) NOT NULL
) ENGINE=InnoDB DEFAULT CHARSET=utf8mb4 COLLATE=utf8mb4_unicode_ci;

--
-- Dumping data for table `migrations`
--

INSERT INTO `migrations` (`id`, `migration`, `batch`) VALUES
(1, '2014_10_12_000000_create_users_table', 1),
(2, '2014_10_12_100000_create_password_resets_table', 1),
(3, '2019_08_19_000000_create_failed_jobs_table', 1),
(4, '2019_12_14_000001_create_personal_access_tokens_table', 1),
(5, '2022_06_12_060838_create_categories_table', 1),
(6, '2022_06_12_061024_create_brands_table', 1),
(7, '2022_06_12_061102_create_sizes_table', 1),
(8, '2022_06_12_061203_create_products_table', 1),
(9, '2022_06_12_061222_create_product_images_table', 1),
(10, '2022_06_12_061335_create_product_stocks_table', 1),
(11, '2022_06_12_061339_create_product_stock_histories_table', 1),
(12, '2022_06_12_061357_create_product_damages_table', 1),
(13, '2022_06_12_061637_create_order_statuses_table', 1),
(14, '2022_06_12_061704_create_orders_table', 1),
(15, '2022_06_12_061735_create_order_products_table', 1),
(16, '2022_06_12_061737_create_order_returns_table', 1),
(17, '2022_06_12_061901_create_wishlists_table', 1),
(18, '2022_06_12_062116_create_wallets_table', 1),
(19, '2022_06_12_062133_create_wallet_entries_table', 1),
(20, '2022_06_12_062215_create_pages_table', 1),
(21, '2022_06_12_062244_create_settings_table', 1),
(22, '2022_06_12_062308_create_districts_table', 1),
(23, '2022_06_12_062330_create_areas_table', 1),
(24, '2022_06_12_062414_create_coupons_table', 1),
(25, '2022_06_12_062456_create_sliders_table', 1),
(26, '2022_06_12_062538_create_subscribers_table', 1),
(27, '2022_06_15_061536_create_permission_tables', 1),
(28, '2022_08_20_125917_create_expenses_table', 1),
(29, '2022_08_20_130053_create_expense_entries_table', 1),
(30, '2022_08_20_130118_create_banks_table', 1),
(31, '2022_08_20_130222_create_bank_transactions_table', 1),
(32, '2022_08_20_130248_create_bank_contras_table', 1),
(33, '2022_09_15_130211_create_trendings_table', 1),
(34, '2022_09_30_135522_create_suppliers_table', 1),
(35, '2022_09_30_135850_create_supplier_payments_table', 1),
(36, '2022_10_03_213839_create_accessories_table', 2),
(37, '2022_10_03_214132_create_accessory_amounts_table', 2),
(38, '2022_10_10_040914_create_productions_table', 3),
(39, '2022_10_10_041257_create_production_suppliers_table', 3),
(40, '2022_10_10_041337_create_production_accessories_table', 3),
(41, '2022_10_10_041447_create_production_costs_table', 4),
(42, '2022_10_12_145244_create_assets_table', 5),
(43, '2022_10_15_153412_create_asset_deductions_table', 6),
(44, '2022_10_22_150629_create_partners_table', 7),
(45, '2022_10_22_151003_create_partner_transactions_table', 7),
(46, '2022_10_30_191454_create_ratings_table', 8);

-- --------------------------------------------------------

--
-- Table structure for table `model_has_permissions`
--

CREATE TABLE `model_has_permissions` (
  `permission_id` bigint(20) UNSIGNED NOT NULL,
  `model_type` varchar(255) COLLATE utf8mb4_unicode_ci NOT NULL,
  `model_id` bigint(20) UNSIGNED NOT NULL
) ENGINE=InnoDB DEFAULT CHARSET=utf8mb4 COLLATE=utf8mb4_unicode_ci;

-- --------------------------------------------------------

--
-- Table structure for table `model_has_roles`
--

CREATE TABLE `model_has_roles` (
  `role_id` bigint(20) UNSIGNED NOT NULL,
  `model_type` varchar(255) COLLATE utf8mb4_unicode_ci NOT NULL,
  `model_id` bigint(20) UNSIGNED NOT NULL
) ENGINE=InnoDB DEFAULT CHARSET=utf8mb4 COLLATE=utf8mb4_unicode_ci;

--
-- Dumping data for table `model_has_roles`
--

INSERT INTO `model_has_roles` (`role_id`, `model_type`, `model_id`) VALUES
(1, 'App\\Models\\User', 1);

-- --------------------------------------------------------

--
-- Table structure for table `orders`
--

CREATE TABLE `orders` (
  `id` bigint(20) UNSIGNED NOT NULL,
  `code` varchar(255) COLLATE utf8mb4_unicode_ci DEFAULT NULL,
  `customer_id` int(11) DEFAULT NULL,
  `price` double NOT NULL,
  `name` varchar(255) COLLATE utf8mb4_unicode_ci DEFAULT NULL,
  `email` varchar(255) COLLATE utf8mb4_unicode_ci DEFAULT NULL,
  `phone` varchar(255) COLLATE utf8mb4_unicode_ci DEFAULT NULL,
  `city` varchar(255) COLLATE utf8mb4_unicode_ci DEFAULT NULL,
  `district_id` int(11) DEFAULT NULL,
  `area_id` int(11) DEFAULT NULL,
  `shipping_address` text COLLATE utf8mb4_unicode_ci DEFAULT NULL,
  `delivery_boy_id` int(11) DEFAULT NULL,
  `delivery_charge` double DEFAULT NULL,
  `vat` double DEFAULT NULL,
  `cod` double NOT NULL DEFAULT 0,
  `order_status_id` int(11) NOT NULL DEFAULT 1,
  `payment_status` varchar(255) COLLATE utf8mb4_unicode_ci NOT NULL DEFAULT '0',
  `payment_method` varchar(255) COLLATE utf8mb4_unicode_ci DEFAULT NULL,
  `transaction_id` varchar(255) COLLATE utf8mb4_unicode_ci DEFAULT NULL,
  `sender_phone` varchar(255) COLLATE utf8mb4_unicode_ci DEFAULT NULL,
  `sender_amount` varchar(255) COLLATE utf8mb4_unicode_ci DEFAULT NULL,
  `note` varchar(255) COLLATE utf8mb4_unicode_ci DEFAULT NULL,
  `discount_amount` double DEFAULT NULL,
  `wallet_amount` double DEFAULT NULL,
  `advance` double NOT NULL DEFAULT 0,
  `source` varchar(255) COLLATE utf8mb4_unicode_ci DEFAULT NULL,
  `is_return` int(11) NOT NULL DEFAULT 0,
  `is_final` int(11) NOT NULL DEFAULT 0,
  `created_at` timestamp NULL DEFAULT NULL,
  `updated_at` timestamp NULL DEFAULT NULL
) ENGINE=InnoDB DEFAULT CHARSET=utf8mb4 COLLATE=utf8mb4_unicode_ci;

--
-- Dumping data for table `orders`
--

INSERT INTO `orders` (`id`, `code`, `customer_id`, `price`, `name`, `email`, `phone`, `city`, `district_id`, `area_id`, `shipping_address`, `delivery_boy_id`, `delivery_charge`, `vat`, `cod`, `order_status_id`, `payment_status`, `payment_method`, `transaction_id`, `sender_phone`, `sender_amount`, `note`, `discount_amount`, `wallet_amount`, `advance`, `source`, `is_return`, `is_final`, `created_at`, `updated_at`) VALUES
(1, '17001', NULL, 1420, 'Mr. ABC', 'sadeknurul5@gmail.com', '01763100517', NULL, 14, 152, NULL, NULL, 0, NULL, 0, 1, '0', NULL, NULL, NULL, NULL, NULL, NULL, NULL, 0, 'Offline', 0, 1, '2022-10-16 03:49:27', '2022-10-16 03:49:27'),
(2, '17002', NULL, 2490, 'Mr. ABC', 'sadeknurul5@gmail.com', '01763100517', NULL, 14, 152, NULL, NULL, 60, NULL, 0, 1, '0', NULL, NULL, NULL, NULL, NULL, 60, NULL, 0, 'Offline', 0, 1, '2022-10-16 20:57:01', '2022-10-16 20:57:01'),
(3, '17003', NULL, 1500, NULL, NULL, NULL, NULL, 14, 125, NULL, NULL, 0, NULL, 0, 1, '0', NULL, NULL, NULL, NULL, NULL, NULL, NULL, 0, 'Offline', 0, 1, '2022-10-22 13:37:35', '2022-10-22 13:37:35'),
(4, '17004', NULL, 8050, 'Akil', 'test@test.com', '01962365197', NULL, 14, 127, NULL, NULL, 60, NULL, 80.5, 1, '0', NULL, NULL, NULL, NULL, NULL, NULL, NULL, 0, 'Offline', 0, 1, '2022-10-22 13:39:01', '2022-12-03 04:35:14'),
(5, '17005', 2, 400, 'Test Customer', 'test@test.com', '01962365197', NULL, 14, 152, NULL, NULL, 60, NULL, 0, 1, '0', 'Cash on Delivery', NULL, NULL, NULL, NULL, NULL, NULL, 0, 'Website', 0, 0, '2022-11-03 16:11:19', '2022-11-03 16:11:19'),
(6, '17006', 2, 780, 'Test Customer', 'sadeknurulcse@gmail.com', '01962365197', NULL, 14, 152, NULL, NULL, 60, NULL, 0, 1, '0', 'Cash on Delivery', NULL, NULL, NULL, NULL, NULL, NULL, 0, 'Website', 0, 0, '2022-11-03 16:25:18', '2022-11-03 16:25:18'),
(7, '17007', 2, 1070, 'Test Customer', 'sadeknurul5@gmail.com', '01763100517', NULL, 2, 12, NULL, NULL, 130, NULL, 0, 1, '0', NULL, NULL, NULL, NULL, NULL, NULL, NULL, 0, 'Offline', 0, 1, '2022-12-05 20:07:28', '2022-12-05 20:07:28');

-- --------------------------------------------------------

--
-- Table structure for table `order_products`
--

CREATE TABLE `order_products` (
  `id` bigint(20) UNSIGNED NOT NULL,
  `order_id` int(10) UNSIGNED NOT NULL,
  `product_id` int(10) UNSIGNED NOT NULL,
  `size_id` int(10) UNSIGNED DEFAULT NULL,
  `production_cost` double DEFAULT NULL,
  `price` double NOT NULL,
  `qty` double NOT NULL,
  `return_qty` double DEFAULT NULL,
  `discount_amount` double DEFAULT NULL,
  `note` varchar(255) COLLATE utf8mb4_unicode_ci DEFAULT NULL,
  `created_at` timestamp NULL DEFAULT NULL,
  `updated_at` timestamp NULL DEFAULT NULL
) ENGINE=InnoDB DEFAULT CHARSET=utf8mb4 COLLATE=utf8mb4_unicode_ci;

--
-- Dumping data for table `order_products`
--

INSERT INTO `order_products` (`id`, `order_id`, `product_id`, `size_id`, `production_cost`, `price`, `qty`, `return_qty`, `discount_amount`, `note`, `created_at`, `updated_at`) VALUES
(1, 1, 4, NULL, 500, 1050, 1, NULL, NULL, NULL, '2022-10-16 03:49:27', '2022-10-16 03:49:27'),
(2, 1, 3, 1, 180, 370, 1, NULL, NULL, NULL, '2022-10-16 03:49:27', '2022-10-16 03:49:27'),
(3, 2, 3, 3, 210, 439.41176470588, 1, NULL, NULL, NULL, '2022-10-16 20:57:01', '2022-10-16 20:57:01'),
(4, 2, 4, NULL, 500, 1025.2941176471, 2, NULL, NULL, NULL, '2022-10-16 20:57:01', '2022-10-16 20:57:01'),
(5, 3, 4, NULL, 500, 1050, 1, NULL, NULL, NULL, '2022-10-22 13:37:35', '2022-10-22 13:37:35'),
(6, 3, 3, 2, 210, 450, 1, NULL, NULL, NULL, '2022-10-22 13:37:35', '2022-10-22 13:37:35'),
(7, 4, 2, NULL, 360, 7000, 1, NULL, NULL, NULL, '2022-10-22 13:39:01', '2022-10-22 13:39:01'),
(8, 4, 4, NULL, 500, 1050, 1, NULL, NULL, NULL, '2022-10-22 13:39:01', '2022-10-22 13:39:01'),
(9, 5, 3, 2, NULL, 400, 1, NULL, NULL, NULL, '2022-11-03 16:11:19', '2022-11-03 16:11:19'),
(10, 6, 1, 2, NULL, 780, 1, NULL, NULL, NULL, '2022-11-03 16:25:18', '2022-11-03 16:25:18'),
(11, 7, 3, 1, 180, 370, 1, NULL, NULL, NULL, '2022-12-05 20:07:28', '2022-12-05 20:07:28'),
(12, 7, 1, 1, 450, 700, 1, NULL, NULL, NULL, '2022-12-05 20:07:28', '2022-12-05 20:07:28');

-- --------------------------------------------------------

--
-- Table structure for table `order_returns`
--

CREATE TABLE `order_returns` (
  `id` bigint(20) UNSIGNED NOT NULL,
  `order_id` int(10) UNSIGNED NOT NULL,
  `order_code` varchar(255) COLLATE utf8mb4_unicode_ci DEFAULT NULL,
  `code` varchar(255) COLLATE utf8mb4_unicode_ci DEFAULT NULL,
  `product_id` int(10) UNSIGNED NOT NULL,
  `size_id` int(10) UNSIGNED DEFAULT NULL,
  `production_price` double DEFAULT NULL,
  `price` double NOT NULL,
  `qty` double NOT NULL,
  `created_at` timestamp NULL DEFAULT NULL,
  `updated_at` timestamp NULL DEFAULT NULL
) ENGINE=InnoDB DEFAULT CHARSET=utf8mb4 COLLATE=utf8mb4_unicode_ci;

-- --------------------------------------------------------

--
-- Table structure for table `order_statuses`
--

CREATE TABLE `order_statuses` (
  `id` bigint(20) UNSIGNED NOT NULL,
  `title` varchar(255) COLLATE utf8mb4_unicode_ci NOT NULL,
  `color` varchar(255) COLLATE utf8mb4_unicode_ci DEFAULT NULL,
  `is_active` int(11) NOT NULL DEFAULT 1,
  `created_at` timestamp NULL DEFAULT NULL,
  `updated_at` timestamp NULL DEFAULT NULL
) ENGINE=InnoDB DEFAULT CHARSET=utf8mb4 COLLATE=utf8mb4_unicode_ci;

--
-- Dumping data for table `order_statuses`
--

INSERT INTO `order_statuses` (`id`, `title`, `color`, `is_active`, `created_at`, `updated_at`) VALUES
(1, 'Pending', 'warning', 1, '2022-06-20 11:00:00', '2022-06-20 11:00:00'),
(2, 'Accepted', 'secondary', 1, '2022-06-20 11:00:00', '2022-06-20 11:00:00'),
(3, 'In Progress', 'secondary', 1, '2022-06-20 11:00:00', '2022-06-20 11:00:00'),
(4, 'Completed', 'success', 1, '2022-06-20 11:00:00', '2022-06-20 11:00:00'),
(5, 'Canceled', 'danger', 1, '2022-06-20 11:00:00', '2022-06-20 11:00:00');

-- --------------------------------------------------------

--
-- Table structure for table `pages`
--

CREATE TABLE `pages` (
  `id` bigint(20) UNSIGNED NOT NULL,
  `name` varchar(255) COLLATE utf8mb4_unicode_ci NOT NULL,
  `description` text COLLATE utf8mb4_unicode_ci DEFAULT NULL,
  `description1` text COLLATE utf8mb4_unicode_ci DEFAULT NULL,
  `description2` text COLLATE utf8mb4_unicode_ci DEFAULT NULL,
  `description3` text COLLATE utf8mb4_unicode_ci DEFAULT NULL,
  `image` varchar(255) COLLATE utf8mb4_unicode_ci DEFAULT NULL,
  `new_arrival` varchar(255) COLLATE utf8mb4_unicode_ci DEFAULT NULL,
  `product_banner` varchar(255) COLLATE utf8mb4_unicode_ci DEFAULT NULL,
  `advertisement` varchar(255) COLLATE utf8mb4_unicode_ci DEFAULT NULL,
  `created_at` timestamp NULL DEFAULT NULL,
  `updated_at` timestamp NULL DEFAULT NULL
) ENGINE=InnoDB DEFAULT CHARSET=utf8mb4 COLLATE=utf8mb4_unicode_ci;

--
-- Dumping data for table `pages`
--

INSERT INTO `pages` (`id`, `name`, `description`, `description1`, `description2`, `description3`, `image`, `new_arrival`, `product_banner`, `advertisement`, `created_at`, `updated_at`) VALUES
(1, 'Home', NULL, NULL, NULL, NULL, NULL, NULL, NULL, NULL, '2022-10-01 12:34:44', '2022-10-01 12:34:44'),
(2, 'All Products', NULL, NULL, NULL, NULL, NULL, NULL, NULL, NULL, '2022-10-01 12:34:44', '2022-10-01 12:34:44'),
(3, 'All Category', NULL, NULL, NULL, NULL, NULL, NULL, NULL, NULL, '2022-10-01 12:34:44', '2022-10-01 12:34:44'),
(4, 'About Us', NULL, NULL, NULL, NULL, NULL, NULL, NULL, NULL, '2022-10-01 12:34:44', '2022-10-01 12:34:44'),
(5, 'Privacy Policy', NULL, NULL, NULL, NULL, NULL, NULL, NULL, NULL, '2022-10-01 12:34:44', '2022-10-01 12:34:44'),
(6, 'Term and Conditions', NULL, NULL, NULL, NULL, NULL, NULL, NULL, NULL, '2022-10-01 12:34:44', '2022-10-01 12:34:44'),
(7, 'Cancellation & Refund Policy', NULL, NULL, NULL, NULL, NULL, NULL, NULL, NULL, '2022-10-01 08:31:34', '2022-10-01 08:31:34');

-- --------------------------------------------------------

--
-- Table structure for table `partners`
--

CREATE TABLE `partners` (
  `id` bigint(20) UNSIGNED NOT NULL,
  `name` varchar(255) COLLATE utf8mb4_unicode_ci NOT NULL,
  `phone` varchar(255) COLLATE utf8mb4_unicode_ci DEFAULT NULL,
  `email` varchar(255) COLLATE utf8mb4_unicode_ci DEFAULT NULL,
  `share_portion` double NOT NULL DEFAULT 0,
  `created_at` timestamp NULL DEFAULT NULL,
  `updated_at` timestamp NULL DEFAULT NULL
) ENGINE=InnoDB DEFAULT CHARSET=utf8mb4 COLLATE=utf8mb4_unicode_ci;

--
-- Dumping data for table `partners`
--

INSERT INTO `partners` (`id`, `name`, `phone`, `email`, `share_portion`, `created_at`, `updated_at`) VALUES
(1, 'Taohidul Islam', NULL, NULL, 30, '2022-10-23 03:37:09', '2022-10-23 03:37:09'),
(2, 'Joty', NULL, NULL, 25, '2022-10-23 03:38:45', '2022-10-23 03:43:27');

-- --------------------------------------------------------

--
-- Table structure for table `partner_transactions`
--

CREATE TABLE `partner_transactions` (
  `id` bigint(20) UNSIGNED NOT NULL,
  `partner_id` int(11) NOT NULL,
  `bank_id` int(11) DEFAULT NULL,
  `credit` double DEFAULT NULL,
  `debit` double DEFAULT NULL,
  `date` date DEFAULT NULL,
  `note` varchar(255) COLLATE utf8mb4_unicode_ci DEFAULT NULL,
  `created_at` timestamp NULL DEFAULT NULL,
  `updated_at` timestamp NULL DEFAULT NULL
) ENGINE=InnoDB DEFAULT CHARSET=utf8mb4 COLLATE=utf8mb4_unicode_ci;

--
-- Dumping data for table `partner_transactions`
--

INSERT INTO `partner_transactions` (`id`, `partner_id`, `bank_id`, `credit`, `debit`, `date`, `note`, `created_at`, `updated_at`) VALUES
(1, 1, NULL, 130000, NULL, '2022-10-23', 'Opening Balance', '2022-10-23 03:37:09', '2022-10-23 03:37:09'),
(2, 2, NULL, 110000, NULL, '2022-10-23', 'Opening Balance', '2022-10-23 03:38:45', '2022-10-23 03:38:45'),
(3, 2, 2, 7000, NULL, '2022-10-23', 'New Invest', '2022-10-23 13:36:01', '2022-10-23 13:36:01'),
(4, 2, 2, NULL, 3000, '2022-10-23', 'withdaw', '2022-10-23 13:37:27', '2022-10-23 13:37:27');

-- --------------------------------------------------------

--
-- Table structure for table `password_resets`
--

CREATE TABLE `password_resets` (
  `email` varchar(255) COLLATE utf8mb4_unicode_ci NOT NULL,
  `token` varchar(255) COLLATE utf8mb4_unicode_ci NOT NULL,
  `created_at` timestamp NULL DEFAULT NULL
) ENGINE=InnoDB DEFAULT CHARSET=utf8mb4 COLLATE=utf8mb4_unicode_ci;

-- --------------------------------------------------------

--
-- Table structure for table `permissions`
--

CREATE TABLE `permissions` (
  `id` bigint(20) UNSIGNED NOT NULL,
  `name` varchar(255) COLLATE utf8mb4_unicode_ci NOT NULL,
  `group_name` varchar(255) COLLATE utf8mb4_unicode_ci NOT NULL,
  `guard_name` varchar(255) COLLATE utf8mb4_unicode_ci NOT NULL,
  `created_at` timestamp NULL DEFAULT NULL,
  `updated_at` timestamp NULL DEFAULT NULL
) ENGINE=InnoDB DEFAULT CHARSET=utf8mb4 COLLATE=utf8mb4_unicode_ci;

--
-- Dumping data for table `permissions`
--

INSERT INTO `permissions` (`id`, `name`, `group_name`, `guard_name`, `created_at`, `updated_at`) VALUES
(1, 'role.index', 'Role', 'web', '2022-10-01 12:34:43', '2022-10-01 12:34:43'),
(2, 'role.view', 'Role', 'web', '2022-10-01 12:34:43', '2022-10-01 12:34:43'),
(3, 'role.create', 'Role', 'web', '2022-10-01 12:34:43', '2022-10-01 12:34:43'),
(4, 'role.edit', 'Role', 'web', '2022-10-01 12:34:43', '2022-10-01 12:34:43'),
(5, 'role.delete', 'Role', 'web', '2022-10-01 12:34:43', '2022-10-01 12:34:43'),
(6, 'user.index', 'User', 'web', '2022-10-01 12:34:43', '2022-10-01 12:34:43'),
(7, 'user.view', 'User', 'web', '2022-10-01 12:34:43', '2022-10-01 12:34:43'),
(8, 'user.create', 'User', 'web', '2022-10-01 12:34:43', '2022-10-01 12:34:43'),
(9, 'user.edit', 'User', 'web', '2022-10-01 12:34:43', '2022-10-01 12:34:43'),
(10, 'user.delete', 'User', 'web', '2022-10-01 12:34:43', '2022-10-01 12:34:43'),
(11, 'category.index', 'Category', 'web', '2022-10-01 12:34:43', '2022-10-01 12:34:43'),
(12, 'category.view', 'Category', 'web', '2022-10-01 12:34:43', '2022-10-01 12:34:43'),
(13, 'category.create', 'Category', 'web', '2022-10-01 12:34:43', '2022-10-01 12:34:43'),
(14, 'category.edit', 'Category', 'web', '2022-10-01 12:34:43', '2022-10-01 12:34:43'),
(15, 'category.delete', 'Category', 'web', '2022-10-01 12:34:43', '2022-10-01 12:34:43'),
(16, 'brand.index', 'Brand', 'web', '2022-10-01 12:34:43', '2022-10-01 12:34:43'),
(17, 'brand.view', 'Brand', 'web', '2022-10-01 12:34:43', '2022-10-01 12:34:43'),
(18, 'brand.create', 'Brand', 'web', '2022-10-01 12:34:43', '2022-10-01 12:34:43'),
(19, 'brand.edit', 'Brand', 'web', '2022-10-01 12:34:43', '2022-10-01 12:34:43'),
(20, 'brand.delete', 'Brand', 'web', '2022-10-01 12:34:43', '2022-10-01 12:34:43'),
(21, 'size.index', 'Size', 'web', '2022-10-01 12:34:43', '2022-10-01 12:34:43'),
(22, 'size.view', 'Size', 'web', '2022-10-01 12:34:43', '2022-10-01 12:34:43'),
(23, 'size.create', 'Size', 'web', '2022-10-01 12:34:43', '2022-10-01 12:34:43'),
(24, 'size.edit', 'Size', 'web', '2022-10-01 12:34:43', '2022-10-01 12:34:43'),
(25, 'size.delete', 'Size', 'web', '2022-10-01 12:34:43', '2022-10-01 12:34:43'),
(26, 'product.index', 'Product', 'web', '2022-10-01 12:34:43', '2022-10-01 12:34:43'),
(27, 'product.view', 'Product', 'web', '2022-10-01 12:34:43', '2022-10-01 12:34:43'),
(28, 'product.create', 'Product', 'web', '2022-10-01 12:34:43', '2022-10-01 12:34:43'),
(29, 'product.edit', 'Product', 'web', '2022-10-01 12:34:43', '2022-10-01 12:34:43'),
(30, 'product.delete', 'Product', 'web', '2022-10-01 12:34:43', '2022-10-01 12:34:43'),
(31, 'order.index', 'Order', 'web', '2022-10-01 12:34:43', '2022-10-01 12:34:43'),
(32, 'order.view', 'Order', 'web', '2022-10-01 12:34:43', '2022-10-01 12:34:43'),
(33, 'order.create', 'Order', 'web', '2022-10-01 12:34:43', '2022-10-01 12:34:43'),
(34, 'order.edit', 'Order', 'web', '2022-10-01 12:34:43', '2022-10-01 12:34:43'),
(35, 'order.delete', 'Order', 'web', '2022-10-01 12:34:43', '2022-10-01 12:34:43'),
(36, 'district.index', 'District', 'web', '2022-10-01 12:34:43', '2022-10-01 12:34:43'),
(37, 'district.view', 'District', 'web', '2022-10-01 12:34:43', '2022-10-01 12:34:43'),
(38, 'district.create', 'District', 'web', '2022-10-01 12:34:43', '2022-10-01 12:34:43'),
(39, 'district.edit', 'District', 'web', '2022-10-01 12:34:43', '2022-10-01 12:34:43'),
(40, 'district.delete', 'District', 'web', '2022-10-01 12:34:43', '2022-10-01 12:34:43'),
(41, 'area.index', 'Area', 'web', '2022-10-01 12:34:43', '2022-10-01 12:34:43'),
(42, 'area.view', 'Area', 'web', '2022-10-01 12:34:43', '2022-10-01 12:34:43'),
(43, 'area.create', 'Area', 'web', '2022-10-01 12:34:43', '2022-10-01 12:34:43'),
(44, 'area.edit', 'Area', 'web', '2022-10-01 12:34:43', '2022-10-01 12:34:43'),
(45, 'area.delete', 'Area', 'web', '2022-10-01 12:34:43', '2022-10-01 12:34:43'),
(46, 'coupon.index', 'Coupon', 'web', '2022-10-01 12:34:43', '2022-10-01 12:34:43'),
(47, 'coupon.view', 'Coupon', 'web', '2022-10-01 12:34:43', '2022-10-01 12:34:43'),
(48, 'coupon.create', 'Coupon', 'web', '2022-10-01 12:34:43', '2022-10-01 12:34:43'),
(49, 'coupon.edit', 'Coupon', 'web', '2022-10-01 12:34:43', '2022-10-01 12:34:43'),
(50, 'coupon.delete', 'Coupon', 'web', '2022-10-01 12:34:43', '2022-10-01 12:34:43'),
(51, 'setting.index', 'Setting', 'web', '2022-10-01 12:34:43', '2022-10-01 12:34:43'),
(52, 'setting.view', 'Setting', 'web', '2022-10-01 12:34:43', '2022-10-01 12:34:43'),
(53, 'setting.create', 'Setting', 'web', '2022-10-01 12:34:43', '2022-10-01 12:34:43'),
(54, 'setting.edit', 'Setting', 'web', '2022-10-01 12:34:43', '2022-10-01 12:34:43'),
(55, 'setting.delete', 'Setting', 'web', '2022-10-01 12:34:43', '2022-10-01 12:34:43'),
(56, 'slider.index', 'Slider', 'web', '2022-10-01 12:34:43', '2022-10-01 12:34:43'),
(57, 'slider.view', 'Slider', 'web', '2022-10-01 12:34:43', '2022-10-01 12:34:43'),
(58, 'slider.create', 'Slider', 'web', '2022-10-01 12:34:43', '2022-10-01 12:34:43'),
(59, 'slider.edit', 'Slider', 'web', '2022-10-01 12:34:43', '2022-10-01 12:34:43'),
(60, 'slider.delete', 'Slider', 'web', '2022-10-01 12:34:43', '2022-10-01 12:34:43'),
(61, 'subscriber.index', 'Subscriber', 'web', '2022-10-01 12:34:43', '2022-10-01 12:34:43'),
(62, 'subscriber.delete', 'Subscriber', 'web', '2022-10-01 12:34:43', '2022-10-01 12:34:43'),
(63, 'page.index', 'Page', 'web', '2022-10-01 12:34:43', '2022-10-01 12:34:43'),
(64, 'page.view', 'Page', 'web', '2022-10-01 12:34:43', '2022-10-01 12:34:43'),
(65, 'page.create', 'Page', 'web', '2022-10-01 12:34:43', '2022-10-01 12:34:43'),
(66, 'page.edit', 'Page', 'web', '2022-10-01 12:34:43', '2022-10-01 12:34:43'),
(67, 'page.delete', 'Page', 'web', '2022-10-01 12:34:43', '2022-10-01 12:34:43'),
(68, 'bank.index', 'Bank', 'web', '2022-10-01 12:34:43', '2022-10-01 12:34:43'),
(69, 'bank.view', 'Bank', 'web', '2022-10-01 12:34:43', '2022-10-01 12:34:43'),
(70, 'bank.create', 'Bank', 'web', '2022-10-01 12:34:43', '2022-10-01 12:34:43'),
(71, 'bank.edit', 'Bank', 'web', '2022-10-01 12:34:43', '2022-10-01 12:34:43'),
(72, 'bank.delete', 'Bank', 'web', '2022-10-01 12:34:43', '2022-10-01 12:34:43'),
(73, 'expense.index', 'Expense', 'web', '2022-10-01 12:34:43', '2022-10-01 12:34:43'),
(74, 'expense.view', 'Expense', 'web', '2022-10-01 12:34:43', '2022-10-01 12:34:43'),
(75, 'expense.create', 'Expense', 'web', '2022-10-01 12:34:43', '2022-10-01 12:34:43'),
(76, 'expense.edit', 'Expense', 'web', '2022-10-01 12:34:43', '2022-10-01 12:34:43'),
(77, 'expense.delete', 'Expense', 'web', '2022-10-01 12:34:43', '2022-10-01 12:34:43'),
(78, 'supplier.index', 'Supplier', 'web', '2022-10-01 12:34:43', '2022-10-01 12:34:43'),
(79, 'supplier.view', 'Supplier', 'web', '2022-10-01 12:34:43', '2022-10-01 12:34:43'),
(80, 'supplier.create', 'Supplier', 'web', '2022-10-01 12:34:43', '2022-10-01 12:34:43'),
(81, 'supplier.edit', 'Supplier', 'web', '2022-10-01 12:34:43', '2022-10-01 12:34:43'),
(82, 'supplier.delete', 'Supplier', 'web', '2022-10-01 12:34:43', '2022-10-01 12:34:43'),
(83, 'supplier.payment', 'Supplier', 'web', '2022-10-01 12:34:43', '2022-10-01 12:34:43');

-- --------------------------------------------------------

--
-- Table structure for table `personal_access_tokens`
--

CREATE TABLE `personal_access_tokens` (
  `id` bigint(20) UNSIGNED NOT NULL,
  `tokenable_type` varchar(255) COLLATE utf8mb4_unicode_ci NOT NULL,
  `tokenable_id` bigint(20) UNSIGNED NOT NULL,
  `name` varchar(255) COLLATE utf8mb4_unicode_ci NOT NULL,
  `token` varchar(64) COLLATE utf8mb4_unicode_ci NOT NULL,
  `abilities` text COLLATE utf8mb4_unicode_ci DEFAULT NULL,
  `last_used_at` timestamp NULL DEFAULT NULL,
  `created_at` timestamp NULL DEFAULT NULL,
  `updated_at` timestamp NULL DEFAULT NULL
) ENGINE=InnoDB DEFAULT CHARSET=utf8mb4 COLLATE=utf8mb4_unicode_ci;

-- --------------------------------------------------------

--
-- Table structure for table `productions`
--

CREATE TABLE `productions` (
  `id` bigint(20) UNSIGNED NOT NULL,
  `product_code` varchar(255) COLLATE utf8mb4_unicode_ci DEFAULT NULL,
  `category_id` int(11) DEFAULT NULL,
  `date` date DEFAULT NULL,
  `output_units` double DEFAULT NULL,
  `unit_cost` double DEFAULT NULL,
  `created_at` timestamp NULL DEFAULT NULL,
  `updated_at` timestamp NULL DEFAULT NULL
) ENGINE=InnoDB DEFAULT CHARSET=utf8mb4 COLLATE=utf8mb4_unicode_ci;

--
-- Dumping data for table `productions`
--

INSERT INTO `productions` (`id`, `product_code`, `category_id`, `date`, `output_units`, `unit_cost`, `created_at`, `updated_at`) VALUES
(1, 'FT-100', 4, '2022-10-10', 80, 1597.5, '2022-10-11 01:22:48', '2022-10-11 01:22:48'),
(2, 'FT-104', 5, '2022-10-28', 100, 225.3, '2022-10-29 15:08:23', '2022-10-30 06:07:05');

-- --------------------------------------------------------

--
-- Table structure for table `production_accessories`
--

CREATE TABLE `production_accessories` (
  `id` bigint(20) UNSIGNED NOT NULL,
  `production_id` int(11) NOT NULL,
  `accessory_id` int(11) DEFAULT NULL,
  `amount` double DEFAULT NULL,
  `created_at` timestamp NULL DEFAULT NULL,
  `updated_at` timestamp NULL DEFAULT NULL
) ENGINE=InnoDB DEFAULT CHARSET=utf8mb4 COLLATE=utf8mb4_unicode_ci;

--
-- Dumping data for table `production_accessories`
--

INSERT INTO `production_accessories` (`id`, `production_id`, `accessory_id`, `amount`, `created_at`, `updated_at`) VALUES
(1, 1, 2, 3700, '2022-10-11 01:22:48', '2022-10-11 01:22:48'),
(2, 1, 1, 2100, '2022-10-11 01:22:48', '2022-10-11 01:22:48'),
(3, 2, 2, 100, '2022-10-29 15:08:23', '2022-10-29 15:08:23'),
(5, 2, 1, 100, '2022-10-30 04:59:09', '2022-10-30 04:59:09');

-- --------------------------------------------------------

--
-- Table structure for table `production_costs`
--

CREATE TABLE `production_costs` (
  `id` bigint(20) UNSIGNED NOT NULL,
  `production_id` int(11) NOT NULL,
  `name` varchar(255) COLLATE utf8mb4_unicode_ci DEFAULT NULL,
  `amount` double DEFAULT NULL,
  `created_at` timestamp NULL DEFAULT NULL,
  `updated_at` timestamp NULL DEFAULT NULL
) ENGINE=InnoDB DEFAULT CHARSET=utf8mb4 COLLATE=utf8mb4_unicode_ci;

--
-- Dumping data for table `production_costs`
--

INSERT INTO `production_costs` (`id`, `production_id`, `name`, `amount`, `created_at`, `updated_at`) VALUES
(1, 1, 'Wash', 2000, '2022-10-11 01:22:48', '2022-10-11 01:22:48'),
(2, 1, 'Photo Shoot', 3000, '2022-10-11 01:22:48', '2022-10-11 01:22:48'),
(3, 1, 'Carring', 5000, '2022-10-11 01:22:48', '2022-10-11 01:22:48'),
(4, 2, 'carring', 200, '2022-10-29 15:08:23', '2022-10-29 15:08:23'),
(5, 2, 'Wrapping', 130, '2022-10-30 05:10:26', '2022-10-30 05:10:26');

-- --------------------------------------------------------

--
-- Table structure for table `production_suppliers`
--

CREATE TABLE `production_suppliers` (
  `id` bigint(20) UNSIGNED NOT NULL,
  `production_id` int(11) DEFAULT NULL,
  `supplier_id` int(11) NOT NULL,
  `qty` varchar(255) COLLATE utf8mb4_unicode_ci DEFAULT NULL,
  `amount` double DEFAULT NULL,
  `type` varchar(255) COLLATE utf8mb4_unicode_ci DEFAULT NULL,
  `note` text COLLATE utf8mb4_unicode_ci DEFAULT NULL,
  `created_at` timestamp NULL DEFAULT NULL,
  `updated_at` timestamp NULL DEFAULT NULL
) ENGINE=InnoDB DEFAULT CHARSET=utf8mb4 COLLATE=utf8mb4_unicode_ci;

--
-- Dumping data for table `production_suppliers`
--

INSERT INTO `production_suppliers` (`id`, `production_id`, `supplier_id`, `qty`, `amount`, `type`, `note`, `created_at`, `updated_at`) VALUES
(1, 1, 1, '160 yards', 67000, 'fabric', NULL, '2022-10-11 01:22:48', '2022-10-11 01:22:48'),
(2, 1, 1, '170 pc', 12000, 'contrast', NULL, '2022-10-11 01:22:48', '2022-10-11 01:22:48'),
(3, 1, 1, '80', 25000, 'swing', NULL, '2022-10-11 01:22:48', '2022-10-11 01:22:48'),
(4, 1, 1, '80', 8000, 'printing', NULL, '2022-10-11 01:22:48', '2022-10-11 01:22:48'),
(5, 2, 1, '130 yards', 20000, 'fabric', NULL, '2022-10-29 15:08:23', '2022-10-29 15:08:23'),
(6, 2, 1, '100', 2000, 'contrast', NULL, '2022-10-29 17:10:43', '2022-10-29 17:10:43'),
(7, NULL, 1, NULL, 1000, NULL, 'Test', '2022-10-30 17:59:48', '2022-10-30 17:59:48');

-- --------------------------------------------------------

--
-- Table structure for table `products`
--

CREATE TABLE `products` (
  `id` bigint(20) UNSIGNED NOT NULL,
  `title` varchar(255) COLLATE utf8mb4_unicode_ci NOT NULL,
  `slug` varchar(255) COLLATE utf8mb4_unicode_ci DEFAULT NULL,
  `type` varchar(255) COLLATE utf8mb4_unicode_ci DEFAULT NULL,
  `brand_id` int(11) DEFAULT NULL,
  `category_id` int(11) DEFAULT NULL,
  `sub_category_id` int(11) DEFAULT NULL,
  `is_sale` double NOT NULL DEFAULT 0,
  `code` varchar(255) COLLATE utf8mb4_unicode_ci DEFAULT NULL,
  `barcode` varchar(255) COLLATE utf8mb4_unicode_ci DEFAULT NULL,
  `unit` varchar(255) COLLATE utf8mb4_unicode_ci DEFAULT NULL,
  `image` varchar(255) COLLATE utf8mb4_unicode_ci DEFAULT NULL,
  `size_chart` varchar(255) COLLATE utf8mb4_unicode_ci DEFAULT NULL,
  `description` text COLLATE utf8mb4_unicode_ci DEFAULT NULL,
  `short_description` text COLLATE utf8mb4_unicode_ci DEFAULT NULL,
  `is_featured` int(11) NOT NULL DEFAULT 0,
  `is_trending` int(11) NOT NULL DEFAULT 0,
  `is_offer` int(11) NOT NULL DEFAULT 0,
  `is_active` int(11) NOT NULL DEFAULT 1,
  `slod` int(11) NOT NULL DEFAULT 0,
  `created_at` timestamp NULL DEFAULT NULL,
  `updated_at` timestamp NULL DEFAULT NULL
) ENGINE=InnoDB DEFAULT CHARSET=utf8mb4 COLLATE=utf8mb4_unicode_ci;

--
-- Dumping data for table `products`
--

INSERT INTO `products` (`id`, `title`, `slug`, `type`, `brand_id`, `category_id`, `sub_category_id`, `is_sale`, `code`, `barcode`, `unit`, `image`, `size_chart`, `description`, `short_description`, `is_featured`, `is_trending`, `is_offer`, `is_active`, `slod`, `created_at`, `updated_at`) VALUES
(1, 'Contrast faux fur jacket', NULL, 'variation', 1, 1, 2, 0, NULL, NULL, NULL, '1655882835.jpg', NULL, '<p>Test</p>', NULL, 1, 0, 0, 1, 0, '2022-06-20 06:00:17', '2022-06-22 06:27:16'),
(2, 'News strappy sandals', NULL, 'single', 1, 1, 2, 0, NULL, NULL, NULL, '1655882810.jpg', NULL, '<p>Another Product</p>', NULL, 1, 0, 0, 1, 0, '2022-06-20 06:02:40', '2022-06-22 06:26:50'),
(3, 'Awesome Shiirt', NULL, 'variation', 1, 3, NULL, 0, NULL, NULL, NULL, '1655882792.jpg', NULL, '<p>First Shirt</p>', NULL, 1, 0, 1, 1, 0, '2022-06-20 06:12:02', '2022-10-24 03:31:01'),
(4, 'News strappy sandals', NULL, 'single', NULL, 6, NULL, 0, NULL, NULL, NULL, '1655882767.jpg', 'size_chart_1661091852.jpg', '<p><span style=\"color: #777777; font-family: Poppins, sans-serif; font-size: 16px; font-style: normal; font-variant-ligatures: normal; font-variant-caps: normal; font-weight: 400; letter-spacing: normal; orphans: 2; text-align: start; text-indent: 0px; text-transform: none; white-space: normal; widows: 2; word-spacing: 0px; -webkit-text-stroke-width: 0px; background-color: #ffffff; text-decoration-thickness: initial; text-decoration-style: initial; text-decoration-color: initial; display: inline !important; float: none;\">M, L, XL, XXL All Size Available</span><br style=\"box-sizing: border-box; color: #777777; font-family: Poppins, sans-serif; font-size: 16px; font-style: normal; font-variant-ligatures: normal; font-variant-caps: normal; font-weight: 400; letter-spacing: normal; orphans: 2; text-align: start; text-indent: 0px; text-transform: none; white-space: normal; widows: 2; word-spacing: 0px; -webkit-text-stroke-width: 0px; background-color: #ffffff; text-decoration-thickness: initial; text-decoration-style: initial; text-decoration-color: initial;\" /><br style=\"box-sizing: border-box; color: #777777; font-family: Poppins, sans-serif; font-size: 16px; font-style: normal; font-variant-ligatures: normal; font-variant-caps: normal; font-weight: 400; letter-spacing: normal; orphans: 2; text-align: start; text-indent: 0px; text-transform: none; white-space: normal; widows: 2; word-spacing: 0px; -webkit-text-stroke-width: 0px; background-color: #ffffff; text-decoration-thickness: initial; text-decoration-style: initial; text-decoration-color: initial;\" /><span style=\"color: #777777; font-family: Poppins, sans-serif; font-size: 16px; font-style: normal; font-variant-ligatures: normal; font-variant-caps: normal; font-weight: 400; letter-spacing: normal; orphans: 2; text-align: start; text-indent: 0px; text-transform: none; white-space: normal; widows: 2; word-spacing: 0px; -webkit-text-stroke-width: 0px; background-color: #ffffff; text-decoration-thickness: initial; text-decoration-style: initial; text-decoration-color: initial; display: inline !important; float: none;\">mean a number of individuals thought of as a group because of a common quality or qualities.&nbsp;</span><a class=\"mw_t_sc\" style=\"box-sizing: border-box; color: #262626; text-decoration: none; line-height: inherit; cursor: pointer; transition: all 0.3s ease 0s; font-family: Poppins, sans-serif; font-size: 16px; font-style: normal; font-variant-ligatures: normal; font-variant-caps: normal; font-weight: 400; letter-spacing: normal; orphans: 2; text-align: start; text-indent: 0px; text-transform: none; white-space: normal; widows: 2; word-spacing: 0px; -webkit-text-stroke-width: 0px; background-color: #ffffff;\" href=\"https://www.merriam-webster.com/dictionary/type\">TYPE</a><span style=\"color: #777777; font-family: Poppins, sans-serif; font-size: 16px; font-style: normal; font-variant-ligatures: normal; font-variant-caps: normal; font-weight: 400; letter-spacing: normal; orphans: 2; text-align: start; text-indent: 0px; text-transform: none; white-space: normal; widows: 2; word-spacing: 0px; -webkit-text-stroke-width: 0px; background-color: #ffffff; text-decoration-thickness: initial; text-decoration-style: initial; text-decoration-color: initial; display: inline !important; float: none;\">&nbsp;may suggest strong and clearly marked similarity throughout the items included so that each is typical of the group.&nbsp;</span><span class=\"ex-sent  first-child t no-aq sents\" style=\"box-sizing: border-box; transition: all 0.3s ease 0s; color: #777777; font-family: Poppins, sans-serif; font-size: 16px; font-style: normal; font-variant-ligatures: normal; font-variant-caps: normal; font-weight: 400; letter-spacing: normal; orphans: 2; text-align: start; text-indent: 0px; text-transform: none; white-space: normal; widows: 2; word-spacing: 0px; -webkit-text-stroke-width: 0px; background-color: #ffffff; text-decoration-thickness: initial; text-decoration-style: initial; text-decoration-color: initial;\">&nbsp;one of three basic body&nbsp;<em class=\"mw_t_it\" style=\"box-sizing: border-box;\">types</em>&nbsp;</span><span style=\"color: #777777; font-family: Poppins, sans-serif; font-size: 16px; font-style: normal; font-variant-ligatures: normal; font-variant-caps: normal; font-weight: 400; letter-spacing: normal; orphans: 2; text-align: start; text-indent: 0px; text-transform: none; white-space: normal; widows: 2; word-spacing: 0px; -webkit-text-stroke-width: 0px; background-color: #ffffff; text-decoration-thickness: initial; text-decoration-style: initial; text-decoration-color: initial; display: inline !important; float: none;\">&nbsp;</span><a class=\"mw_t_sc\" style=\"box-sizing: border-box; color: #262626; text-decoration: none; line-height: inherit; cursor: pointer; transition: all 0.3s ease 0s; font-family: Poppins, sans-serif; font-size: 16px; font-style: normal; font-variant-ligatures: normal; font-variant-caps: normal; font-weight: 400; letter-spacing: normal; orphans: 2; text-align: start; text-indent: 0px; text-transform: none; white-space: normal; widows: 2; word-spacing: 0px; -webkit-text-stroke-width: 0px; background-color: #ffffff;\" href=\"https://www.merriam-webster.com/dictionary/kind\">KIND</a><span style=\"color: #777777; font-family: Poppins, sans-serif; font-size: 16px; font-style: normal; font-variant-ligatures: normal; font-variant-caps: normal; font-weight: 400; letter-spacing: normal; orphans: 2; text-align: start; text-indent: 0px; text-transform: none; white-space: normal; widows: 2; word-spacing: 0px; -webkit-text-stroke-width: 0px; background-color: #ffffff; text-decoration-thickness: initial; text-decoration-style: initial; text-decoration-color: initial; display: inline !important; float: none;\">&nbsp;may suggest natural grouping.&nbsp;</span><span class=\"ex-sent  first-child t no-aq sents\" style=\"box-sizing: border-box; transition: all 0.3s ease 0s; color: #777777; font-family: Poppins, sans-serif; font-size: 16px; font-style: normal; font-variant-ligatures: normal; font-variant-caps: normal; font-weight: 400; letter-spacing: normal; orphans: 2; text-align: start; text-indent: 0px; text-transform: none; white-space: normal; widows: 2; word-spacing: 0px; -webkit-text-stroke-width: 0px; background-color: #ffffff; text-decoration-thickness: initial; text-decoration-style: initial; text-decoration-color: initial;\">&nbsp;a zoo seemingly having animals of every&nbsp;<em class=\"mw_t_it\" style=\"box-sizing: border-box;\">kind</em>&nbsp;</span><span style=\"color: #777777; font-family: Poppins, sans-serif; font-size: 16px; font-style: normal; font-variant-ligatures: normal; font-variant-caps: normal; font-weight: 400; letter-spacing: normal; orphans: 2; text-align: start; text-indent: 0px; text-transform: none; white-space: normal; widows: 2; word-spacing: 0px; -webkit-text-stroke-width: 0px; background-color: #ffffff; text-decoration-thickness: initial; text-decoration-style: initial; text-decoration-color: initial; display: inline !important; float: none;\">&nbsp;</span><a class=\"mw_t_sc\" style=\"box-sizing: border-box; color: #262626; text-decoration: none; line-height: inherit; cursor: pointer; transition: all 0.3s ease 0s; font-family: Poppins, sans-serif; font-size: 16px; font-style: normal; font-variant-ligatures: normal; font-variant-caps: normal; font-weight: 400; letter-spacing: normal; orphans: 2; text-align: start; text-indent: 0px; text-transform: none; white-space: normal; widows: 2; word-spacing: 0px; -webkit-text-stroke-width: 0px; background-color: #ffffff;\" href=\"https://www.merriam-webster.com/dictionary/sort\">SORT</a><span style=\"color: #777777; font-family: Poppins, sans-serif; font-size: 16px; font-style: normal; font-variant-ligatures: normal; font-variant-caps: normal; font-weight: 400; letter-spacing: normal; orphans: 2; text-align: start; text-indent: 0px; text-transform: none; white-space: normal; widows: 2; word-spacing: 0px; -webkit-text-stroke-width: 0px; background-color: #ffffff; text-decoration-thickness: initial; text-decoration-style: initial; text-decoration-color: initial; display: inline !important; float: none;\">&nbsp;often suggests some disparagement.&nbsp;</span><span class=\"ex-sent  first-child t no-aq sents\" style=\"box-sizing: border-box; transition: all 0.3s ease 0s; color: #777777; font-family: Poppins, sans-serif; font-size: 16px; font-style: normal; font-variant-ligatures: normal; font-variant-caps: normal; font-weight: 400; letter-spacing: normal; orphans: 2; text-align: start; text-indent: 0px; text-transform: none; white-space: normal; widows: 2; word-spacing: 0px; -webkit-text-stroke-width: 0px; background-color: #ffffff; text-decoration-thickness: initial; text-decoration-style: initial; text-decoration-color: initial;\">&nbsp;the&nbsp;<em class=\"mw_t_it\" style=\"box-sizing: border-box;\">sort</em>&nbsp;of newspaper dealing in sensational stories&nbsp;</span><span style=\"color: #777777; font-family: Poppins, sans-serif; font-size: 16px; font-style: normal; font-variant-ligatures: normal; font-variant-caps: normal; font-weight: 400; letter-spacing: normal; orphans: 2; text-align: start; text-indent: 0px; text-transform: none; white-space: normal; widows: 2; word-spacing: 0px; -webkit-text-stroke-width: 0px; background-color: #ffffff; text-decoration-thickness: initial; text-decoration-style: initial; text-decoration-color: initial; display: inline !important; float: none;\">&nbsp;</span><a class=\"mw_t_sc\" style=\"box-sizing: border-box; color: #262626; text-decoration: none; line-height: inherit; cursor: pointer; transition: all 0.3s ease 0s; font-family: Poppins, sans-serif; font-size: 16px; font-style: normal; font-variant-ligatures: normal; font-variant-caps: normal; font-weight: 400; letter-spacing: normal; orphans: 2; text-align: start; text-indent: 0px; text-transform: none; white-space: normal; widows: 2; word-spacing: 0px; -webkit-text-stroke-width: 0px; background-color: #ffffff;\" href=\"https://www.merriam-webster.com/dictionary/nature\">NATURE</a><span style=\"color: #777777; font-family: Poppins, sans-serif; font-size: 16px; font-style: normal; font-variant-ligatures: normal; font-variant-caps: normal; font-weight: 400; letter-spacing: normal; orphans: 2; text-align: start; text-indent: 0px; text-transform: none; white-space: normal; widows: 2; word-spacing: 0px; -webkit-text-stroke-width: 0px; background-color: #ffffff; text-decoration-thickness: initial; text-decoration-style: initial; text-decoration-color: initial; display: inline !important; float: none;\">&nbsp;may imply inherent, essential resemblance rather than obvious or superficial likenesses.&nbsp;</span><span class=\"ex-sent  first-child t no-aq sents\" style=\"box-sizing: border-box; transition: all 0.3s ease 0s; color: #777777; font-family: Poppins, sans-serif; font-size: 16px; font-style: normal; font-variant-ligatures: normal; font-variant-caps: normal; font-weight: 400; letter-spacing: normal; orphans: 2; text-align: start; text-indent: 0px; text-transform: none; white-space: normal; widows: 2; word-spacing: 0px; -webkit-text-stroke-width: 0px; background-color: #ffffff; text-decoration-thickness: initial; text-decoration-style: initial; text-decoration-color: initial;\">&nbsp;two problems of a similar&nbsp;<em class=\"mw_t_it\" style=\"box-sizing: border-box;\">nature</em>&nbsp;</span><span style=\"color: #777777; font-family: Poppins, sans-serif; font-size: 16px; font-style: normal; font-variant-ligatures: normal; font-variant-caps: normal; font-weight: 400; letter-spacing: normal; orphans: 2; text-align: start; text-indent: 0px; text-transform: none; white-space: normal; widows: 2; word-spacing: 0px; -webkit-text-stroke-width: 0px; background-color: #ffffff; text-decoration-thickness: initial; text-decoration-style: initial; text-decoration-color: initial; display: inline !important; float: none;\">&nbsp;</span><a class=\"mw_t_sc\" style=\"box-sizing: border-box; color: #262626; text-decoration: none; line-height: inherit; cursor: pointer; transition: all 0.3s ease 0s; font-family: Poppins, sans-serif; font-size: 16px; font-style: normal; font-variant-ligatures: normal; font-variant-caps: normal; font-weight: 400; letter-spacing: normal; orphans: 2; text-align: start; text-indent: 0px; text-transform: none; white-space: normal; widows: 2; word-spacing: 0px; -webkit-text-stroke-width: 0px; background-color: #ffffff;\" href=\"https://www.merriam-webster.com/dictionary/description\">DESCRIPTION</a><span style=\"color: #777777; font-family: Poppins, sans-serif; font-size: 16px; font-style: normal; font-variant-ligatures: normal; font-variant-caps: normal; font-weight: 400; letter-spacing: normal; orphans: 2; text-align: start; text-indent: 0px; text-transform: none; white-space: normal; widows: 2; word-spacing: 0px; -webkit-text-stroke-width: 0px; background-color: #ffffff; text-decoration-thickness: initial; text-decoration-style: initial; text-decoration-color: initial; display: inline !important; float: none;\">&nbsp;implies a group marked by agreement in all details belonging to a type as described or defined.&nbsp;</span><span class=\"ex-sent  first-child t no-aq sents\" style=\"box-sizing: border-box; transition: all 0.3s ease 0s; color: #777777; font-family: Poppins, sans-serif; font-size: 16px; font-style: normal; font-variant-ligatures: normal; font-variant-caps: normal; font-weight: 400; letter-spacing: normal; orphans: 2; text-align: start; text-indent: 0px; text-transform: none; white-space: normal; widows: 2; word-spacing: 0px; -webkit-text-stroke-width: 0px; background-color: #ffffff; text-decoration-thickness: initial; text-decoration-style: initial; text-decoration-color: initial;\">&nbsp;not all acts of that&nbsp;<em class=\"mw_t_it\" style=\"box-sizing: border-box;\">description</em>&nbsp;are actually illegal&nbsp;</span><span style=\"color: #777777; font-family: Poppins, sans-serif; font-size: 16px; font-style: normal; font-variant-ligatures: normal; font-variant-caps: normal; font-weight: 400; letter-spacing: normal; orphans: 2; text-align: start; text-indent: 0px; text-transform: none; white-space: normal; widows: 2; word-spacing: 0px; -webkit-text-stroke-width: 0px; background-color: #ffffff; text-decoration-thickness: initial; text-decoration-style: initial; text-decoration-color: initial; display: inline !important; float: none;\">&nbsp;</span><a class=\"mw_t_sc\" style=\"box-sizing: border-box; color: #262626; text-decoration: none; line-height: inherit; cursor: pointer; transition: all 0.3s ease 0s; font-family: Poppins, sans-serif; font-size: 16px; font-style: normal; font-variant-ligatures: normal; font-variant-caps: normal; font-weight: 400; letter-spacing: normal; orphans: 2; text-align: start; text-indent: 0px; text-transform: none; white-space: normal; widows: 2; word-spacing: 0px; -webkit-text-stroke-width: 0px; background-color: #ffffff;\" href=\"https://www.merriam-webster.com/dictionary/character\">CHARACTER</a><span style=\"color: #777777; font-family: Poppins, sans-serif; font-size: 16px; font-style: normal; font-variant-ligatures: normal; font-variant-caps: normal; font-weight: 400; letter-spacing: normal; orphans: 2; text-align: start; text-indent: 0px; text-transform: none; white-space: normal; widows: 2; word-spacing: 0px; -webkit-text-stroke-width: 0px; background-color: #ffffff; text-decoration-thickness: initial; text-decoration-style: initial; text-decoration-color: initial; display: inline !important; float: none;\">&nbsp;implies a group marked by distinctive likenesses peculiar to the type.&nbsp;</span><span class=\"ex-sent  first-child t no-aq sents\" style=\"box-sizing: border-box; transition: all 0.3s ease 0s; color: #777777; font-family: Poppins, sans-serif; font-size: 16px; font-style: normal; font-variant-ligatures: normal; font-variant-caps: normal; font-weight: 400; letter-spacing: normal; orphans: 2; text-align: start; text-indent: 0px; text-transform: none; white-space: normal; widows: 2; word-spacing: 0px; -webkit-text-stroke-width: 0px; background-color: #ffffff; text-decoration-thickness: initial; text-decoration-style: initial; text-decoration-color: initial;\">&nbsp;research on the subject so far has been of an elementary&nbsp;<em class=\"mw_t_it\" style=\"box-sizing: border-box;\">character</em>&nbsp;</span></p>', '<p>mean a number of individuals thought of as a group because of a common quality or qualities.&nbsp;TYPE&nbsp;may suggest strong and clearly marked similarity throughout the items included so that each is typical of the group.</p>', 1, 1, 1, 1, 0, '2022-06-22 06:05:11', '2022-12-03 04:40:24');

-- --------------------------------------------------------

--
-- Table structure for table `product_damages`
--

CREATE TABLE `product_damages` (
  `id` bigint(20) UNSIGNED NOT NULL,
  `product_id` int(11) NOT NULL,
  `size_id` int(11) DEFAULT NULL,
  `code` varchar(255) COLLATE utf8mb4_unicode_ci DEFAULT NULL,
  `qty` double NOT NULL,
  `production_cost` double NOT NULL,
  `note` varchar(255) COLLATE utf8mb4_unicode_ci DEFAULT NULL,
  `created_at` timestamp NULL DEFAULT NULL,
  `updated_at` timestamp NULL DEFAULT NULL
) ENGINE=InnoDB DEFAULT CHARSET=utf8mb4 COLLATE=utf8mb4_unicode_ci;

-- --------------------------------------------------------

--
-- Table structure for table `product_images`
--

CREATE TABLE `product_images` (
  `id` bigint(20) UNSIGNED NOT NULL,
  `product_id` int(11) NOT NULL,
  `image` varchar(255) COLLATE utf8mb4_unicode_ci NOT NULL,
  `created_at` timestamp NULL DEFAULT NULL,
  `updated_at` timestamp NULL DEFAULT NULL
) ENGINE=InnoDB DEFAULT CHARSET=utf8mb4 COLLATE=utf8mb4_unicode_ci;

--
-- Dumping data for table `product_images`
--

INSERT INTO `product_images` (`id`, `product_id`, `image`, `created_at`, `updated_at`) VALUES
(1, 1, '16557084170.jpg', '2022-06-20 06:00:17', '2022-06-20 06:00:17'),
(2, 2, '16557085600.jpg', '2022-06-20 06:02:40', '2022-06-20 06:02:40'),
(3, 3, '16557091220.jpg', '2022-06-20 06:12:02', '2022-06-20 06:12:02'),
(4, 4, '16558815110.jpg', '2022-06-22 06:05:11', '2022-06-22 06:05:11'),
(5, 4, '16558815111.jpg', '2022-06-22 06:05:11', '2022-06-22 06:05:11');

-- --------------------------------------------------------

--
-- Table structure for table `product_stocks`
--

CREATE TABLE `product_stocks` (
  `id` bigint(20) UNSIGNED NOT NULL,
  `product_id` int(11) NOT NULL,
  `size_id` int(11) DEFAULT NULL,
  `code` varchar(255) COLLATE utf8mb4_unicode_ci DEFAULT NULL,
  `barcode` varchar(255) COLLATE utf8mb4_unicode_ci DEFAULT NULL,
  `production_cost` double NOT NULL,
  `price` double NOT NULL,
  `discount_price` double DEFAULT NULL,
  `wholesale_price` double DEFAULT NULL,
  `qty` double NOT NULL DEFAULT 0,
  `sold_qty` double NOT NULL DEFAULT 0,
  `is_sale` double NOT NULL DEFAULT 0,
  `unit` varchar(255) COLLATE utf8mb4_unicode_ci DEFAULT NULL,
  `image` varchar(255) COLLATE utf8mb4_unicode_ci DEFAULT NULL,
  `is_active` int(11) NOT NULL DEFAULT 1,
  `created_at` timestamp NULL DEFAULT NULL,
  `updated_at` timestamp NULL DEFAULT NULL
) ENGINE=InnoDB DEFAULT CHARSET=utf8mb4 COLLATE=utf8mb4_unicode_ci;

--
-- Dumping data for table `product_stocks`
--

INSERT INTO `product_stocks` (`id`, `product_id`, `size_id`, `code`, `barcode`, `production_cost`, `price`, `discount_price`, `wholesale_price`, `qty`, `sold_qty`, `is_sale`, `unit`, `image`, `is_active`, `created_at`, `updated_at`) VALUES
(1, 1, 3, 'X6JXN4', NULL, 500, 800, 780, 700, 20, 0, 0, NULL, NULL, 1, '2022-06-20 06:00:17', '2022-10-24 03:09:56'),
(2, 1, 2, 'VXE2W0', NULL, 480, 780, 750, 680, 35, 0, 0, NULL, NULL, 1, '2022-06-20 06:00:17', '2022-10-24 03:09:56'),
(3, 1, 1, 'GRHCUX', NULL, 450, 700, 660, 600, 19, 0, 0, NULL, NULL, 1, '2022-06-20 06:00:17', '2022-12-05 20:07:28'),
(4, 2, NULL, 'F8ZWO2', NULL, 360, 7000, 6500, 5800, 26, 0, 0, NULL, NULL, 1, '2022-06-20 06:02:40', '2022-10-24 03:09:31'),
(5, 3, 3, 'OTYOAW', NULL, 210, 450, 400, 380, 48, 0, 0, NULL, NULL, 1, '2022-06-20 06:12:02', '2022-10-24 03:09:07'),
(6, 3, 2, '40C0QS', NULL, 210, 450, 400, 380, 46, 0, 0, NULL, NULL, 1, '2022-06-20 06:12:02', '2022-10-24 03:09:07'),
(7, 3, 1, 'TFFX7T', NULL, 180, 370, 350, 350, 25, 0, 0, NULL, NULL, 1, '2022-06-21 05:18:25', '2022-12-05 20:07:28'),
(8, 4, NULL, '651BTE', NULL, 500, 1050, 950, 900, 43, 0, 0, NULL, NULL, 1, '2022-06-22 06:05:11', '2022-10-26 03:00:14');

-- --------------------------------------------------------

--
-- Table structure for table `product_stock_histories`
--

CREATE TABLE `product_stock_histories` (
  `id` bigint(20) UNSIGNED NOT NULL,
  `product_id` int(11) NOT NULL,
  `size_id` int(11) DEFAULT NULL,
  `qty` double NOT NULL DEFAULT 0,
  `note` varchar(255) COLLATE utf8mb4_unicode_ci DEFAULT NULL,
  `created_at` timestamp NULL DEFAULT NULL,
  `updated_at` timestamp NULL DEFAULT NULL
) ENGINE=InnoDB DEFAULT CHARSET=utf8mb4 COLLATE=utf8mb4_unicode_ci;

--
-- Dumping data for table `product_stock_histories`
--

INSERT INTO `product_stock_histories` (`id`, `product_id`, `size_id`, `qty`, `note`, `created_at`, `updated_at`) VALUES
(1, 1, 3, 20, 'Opening Stock', '2022-06-20 06:00:17', '2022-06-20 06:00:17'),
(2, 1, 2, 20, 'Opening Stock', '2022-06-20 06:00:17', '2022-06-20 06:00:17'),
(3, 1, 1, 20, 'Opening Stock', '2022-06-20 06:00:17', '2022-06-20 06:00:17'),
(4, 2, NULL, 30, 'Opening Stock', '2022-06-20 06:02:40', '2022-06-20 06:02:40'),
(5, 3, 3, 50, 'Opening Stock', '2022-06-20 06:12:02', '2022-06-20 06:12:02'),
(6, 3, 2, 50, 'Opening Stock', '2022-06-20 06:12:02', '2022-06-20 06:12:02'),
(7, 2, NULL, 30, 'Opening Stock', '2022-06-20 18:05:49', '2022-06-20 18:05:49'),
(8, 2, NULL, 30, 'Opening Stock', '2022-06-20 18:05:59', '2022-06-20 18:05:59'),
(9, 3, 1, 30, 'Opening Stock', '2022-06-21 05:18:25', '2022-06-21 05:18:25'),
(10, 4, NULL, 20, 'Opening Stock', '2022-06-22 06:05:11', '2022-06-22 06:05:11'),
(11, 4, NULL, 20, 'Opening Stock', '2022-06-22 06:26:07', '2022-06-22 06:26:07'),
(12, 2, NULL, 30, 'Opening Stock', '2022-06-22 06:26:50', '2022-06-22 06:26:50'),
(13, 4, NULL, 30, 'Stockin', '2022-07-03 11:26:10', '2022-07-03 11:26:10'),
(14, 1, 2, 15, 'Stockin', '2022-07-03 11:29:23', '2022-07-03 11:29:23'),
(15, 4, NULL, 50, 'Opening Stock', '2022-07-09 11:51:34', '2022-07-09 11:51:34'),
(16, 4, NULL, 48, 'Opening Stock', '2022-08-21 05:35:43', '2022-08-21 05:35:43'),
(17, 4, NULL, 48, 'Opening Stock', '2022-08-21 05:38:17', '2022-08-21 05:38:17'),
(18, 4, NULL, 48, 'Opening Stock', '2022-08-21 05:38:24', '2022-08-21 05:38:24'),
(19, 4, NULL, 48, 'Opening Stock', '2022-08-21 05:40:02', '2022-08-21 05:40:02'),
(20, 4, NULL, 48, 'Opening Stock', '2022-08-21 13:24:12', '2022-08-21 13:24:12'),
(21, 4, NULL, 48, 'Opening Stock', '2022-08-21 17:33:44', '2022-08-21 17:33:44'),
(22, 4, NULL, 48, 'Opening Stock', '2022-08-21 17:51:02', '2022-08-21 17:51:02'),
(23, 4, NULL, 47, 'Opening Stock', '2022-10-16 16:39:18', '2022-10-16 16:39:18'),
(24, 4, NULL, 43, 'Opening Stock', '2022-10-24 03:07:36', '2022-10-24 03:07:36'),
(25, 2, NULL, 26, 'Opening Stock', '2022-10-24 03:09:31', '2022-10-24 03:09:31'),
(26, 4, NULL, 43, 'Opening Stock', '2022-10-26 02:59:58', '2022-10-26 02:59:58'),
(27, 4, NULL, 43, 'Opening Stock', '2022-10-26 03:00:14', '2022-10-26 03:00:14'),
(28, 4, NULL, 43, 'Opening Stock', '2022-12-03 04:40:24', '2022-12-03 04:40:24');

-- --------------------------------------------------------

--
-- Table structure for table `ratings`
--

CREATE TABLE `ratings` (
  `id` bigint(20) UNSIGNED NOT NULL,
  `product_id` int(10) UNSIGNED NOT NULL,
  `rating` int(11) NOT NULL,
  `comment` text COLLATE utf8mb4_unicode_ci DEFAULT NULL,
  `is_active` tinyint(4) NOT NULL DEFAULT 1,
  `customer_id` int(10) UNSIGNED DEFAULT NULL,
  `name` varchar(255) COLLATE utf8mb4_unicode_ci DEFAULT NULL,
  `email` varchar(255) COLLATE utf8mb4_unicode_ci DEFAULT NULL,
  `created_at` timestamp NULL DEFAULT NULL,
  `updated_at` timestamp NULL DEFAULT NULL
) ENGINE=InnoDB DEFAULT CHARSET=utf8mb4 COLLATE=utf8mb4_unicode_ci;

-- --------------------------------------------------------

--
-- Table structure for table `roles`
--

CREATE TABLE `roles` (
  `id` bigint(20) UNSIGNED NOT NULL,
  `name` varchar(255) COLLATE utf8mb4_unicode_ci NOT NULL,
  `guard_name` varchar(255) COLLATE utf8mb4_unicode_ci NOT NULL,
  `created_at` timestamp NULL DEFAULT NULL,
  `updated_at` timestamp NULL DEFAULT NULL
) ENGINE=InnoDB DEFAULT CHARSET=utf8mb4 COLLATE=utf8mb4_unicode_ci;

--
-- Dumping data for table `roles`
--

INSERT INTO `roles` (`id`, `name`, `guard_name`, `created_at`, `updated_at`) VALUES
(1, 'Admin', 'web', '2022-10-01 12:34:44', '2022-10-01 12:34:44');

-- --------------------------------------------------------

--
-- Table structure for table `role_has_permissions`
--

CREATE TABLE `role_has_permissions` (
  `permission_id` bigint(20) UNSIGNED NOT NULL,
  `role_id` bigint(20) UNSIGNED NOT NULL
) ENGINE=InnoDB DEFAULT CHARSET=utf8mb4 COLLATE=utf8mb4_unicode_ci;

--
-- Dumping data for table `role_has_permissions`
--

INSERT INTO `role_has_permissions` (`permission_id`, `role_id`) VALUES
(1, 1),
(2, 1),
(3, 1),
(4, 1),
(5, 1),
(6, 1),
(7, 1),
(8, 1),
(9, 1),
(10, 1),
(11, 1),
(12, 1),
(13, 1),
(14, 1),
(15, 1),
(16, 1),
(17, 1),
(18, 1),
(19, 1),
(20, 1),
(21, 1),
(22, 1),
(23, 1),
(24, 1),
(25, 1),
(26, 1),
(27, 1),
(28, 1),
(29, 1),
(30, 1),
(31, 1),
(32, 1),
(33, 1),
(34, 1),
(35, 1),
(36, 1),
(37, 1),
(38, 1),
(39, 1),
(40, 1),
(41, 1),
(42, 1),
(43, 1),
(44, 1),
(45, 1),
(46, 1),
(47, 1),
(48, 1),
(49, 1),
(50, 1),
(51, 1),
(52, 1),
(53, 1),
(54, 1),
(55, 1),
(56, 1),
(57, 1),
(58, 1),
(59, 1),
(60, 1),
(61, 1),
(62, 1),
(63, 1),
(64, 1),
(65, 1),
(66, 1),
(67, 1),
(68, 1),
(69, 1),
(70, 1),
(71, 1),
(72, 1),
(73, 1),
(74, 1),
(75, 1),
(76, 1),
(77, 1),
(78, 1),
(79, 1),
(80, 1),
(81, 1),
(82, 1),
(83, 1);

-- --------------------------------------------------------

--
-- Table structure for table `settings`
--

CREATE TABLE `settings` (
  `id` bigint(20) UNSIGNED NOT NULL,
  `name` varchar(255) COLLATE utf8mb4_unicode_ci DEFAULT NULL,
  `logo` varchar(255) COLLATE utf8mb4_unicode_ci DEFAULT NULL,
  `footer_logo` varchar(255) COLLATE utf8mb4_unicode_ci DEFAULT NULL,
  `favicon` varchar(255) COLLATE utf8mb4_unicode_ci DEFAULT NULL,
  `email` varchar(255) COLLATE utf8mb4_unicode_ci DEFAULT NULL,
  `phone` varchar(255) COLLATE utf8mb4_unicode_ci DEFAULT NULL,
  `additional_phone` varchar(255) COLLATE utf8mb4_unicode_ci DEFAULT NULL,
  `address` text COLLATE utf8mb4_unicode_ci DEFAULT NULL,
  `combine_address` text COLLATE utf8mb4_unicode_ci DEFAULT NULL,
  `vat` varchar(255) COLLATE utf8mb4_unicode_ci NOT NULL DEFAULT '0',
  `shipping_charge` double NOT NULL DEFAULT 0,
  `shipping_charge_dhaka` double NOT NULL DEFAULT 0,
  `shipping_charge_dhaka_metro` double NOT NULL DEFAULT 0,
  `maximum_wallet` double NOT NULL DEFAULT 0,
  `minimum_cart` double NOT NULL DEFAULT 0,
  `facebook` varchar(255) COLLATE utf8mb4_unicode_ci DEFAULT NULL,
  `instagram` varchar(255) COLLATE utf8mb4_unicode_ci DEFAULT NULL,
  `twitter` varchar(255) COLLATE utf8mb4_unicode_ci DEFAULT NULL,
  `youtube` varchar(255) COLLATE utf8mb4_unicode_ci DEFAULT NULL,
  `linkedin` varchar(255) COLLATE utf8mb4_unicode_ci DEFAULT NULL,
  `meta_title` varchar(255) COLLATE utf8mb4_unicode_ci DEFAULT NULL,
  `meta_description` varchar(255) COLLATE utf8mb4_unicode_ci DEFAULT NULL,
  `meta_tag` varchar(255) COLLATE utf8mb4_unicode_ci DEFAULT NULL,
  `meta_image` varchar(255) COLLATE utf8mb4_unicode_ci DEFAULT NULL,
  `slider_option` varchar(255) COLLATE utf8mb4_unicode_ci NOT NULL DEFAULT 'image',
  `video` varchar(255) COLLATE utf8mb4_unicode_ci DEFAULT NULL,
  `created_at` timestamp NULL DEFAULT NULL,
  `updated_at` timestamp NULL DEFAULT NULL
) ENGINE=InnoDB DEFAULT CHARSET=utf8mb4 COLLATE=utf8mb4_unicode_ci;

--
-- Dumping data for table `settings`
--

INSERT INTO `settings` (`id`, `name`, `logo`, `footer_logo`, `favicon`, `email`, `phone`, `additional_phone`, `address`, `combine_address`, `vat`, `shipping_charge`, `shipping_charge_dhaka`, `shipping_charge_dhaka_metro`, `maximum_wallet`, `minimum_cart`, `facebook`, `instagram`, `twitter`, `youtube`, `linkedin`, `meta_title`, `meta_description`, `meta_tag`, `meta_image`, `slider_option`, `video`, `created_at`, `updated_at`) VALUES
(1, 'Go By Fabrifest', '1665913808.png', 'footer_1665913808.png', 'favicon_1665913808.png', 'sadeknurul5@gmail.com', '01763100517', '01763100517', 'Mirpur, Dhaka', '<p>Mirpur, Dhaka</p>', '0', 130, 60, 100, 0, 0, NULL, NULL, NULL, NULL, NULL, NULL, NULL, NULL, NULL, 'video', '1661341417.mp4', '2022-10-01 12:34:44', '2022-12-09 03:48:05');

-- --------------------------------------------------------

--
-- Table structure for table `sizes`
--

CREATE TABLE `sizes` (
  `id` bigint(20) UNSIGNED NOT NULL,
  `title` varchar(255) COLLATE utf8mb4_unicode_ci NOT NULL,
  `is_active` int(11) NOT NULL DEFAULT 1,
  `created_at` timestamp NULL DEFAULT NULL,
  `updated_at` timestamp NULL DEFAULT NULL
) ENGINE=InnoDB DEFAULT CHARSET=utf8mb4 COLLATE=utf8mb4_unicode_ci;

--
-- Dumping data for table `sizes`
--

INSERT INTO `sizes` (`id`, `title`, `is_active`, `created_at`, `updated_at`) VALUES
(1, 'S', 1, '2022-06-19 07:33:23', '2022-06-19 07:33:23'),
(2, 'M', 1, '2022-06-19 07:33:28', '2022-06-19 07:33:28'),
(3, 'L', 1, '2022-06-19 07:33:36', '2022-06-19 07:33:36');

-- --------------------------------------------------------

--
-- Table structure for table `sliders`
--

CREATE TABLE `sliders` (
  `id` bigint(20) UNSIGNED NOT NULL,
  `image` varchar(255) COLLATE utf8mb4_unicode_ci DEFAULT NULL,
  `image2` varchar(255) COLLATE utf8mb4_unicode_ci DEFAULT NULL,
  `title` varchar(255) COLLATE utf8mb4_unicode_ci DEFAULT NULL,
  `button_text` varchar(255) COLLATE utf8mb4_unicode_ci DEFAULT NULL,
  `link` text COLLATE utf8mb4_unicode_ci DEFAULT NULL,
  `created_at` timestamp NULL DEFAULT NULL,
  `updated_at` timestamp NULL DEFAULT NULL
) ENGINE=InnoDB DEFAULT CHARSET=utf8mb4 COLLATE=utf8mb4_unicode_ci;

--
-- Dumping data for table `sliders`
--

INSERT INTO `sliders` (`id`, `image`, `image2`, `title`, `button_text`, `link`, `created_at`, `updated_at`) VALUES
(1, 'slider-1.jpg', NULL, NULL, NULL, '#', '2022-10-01 12:34:44', '2022-10-01 12:34:44'),
(2, 'slider-2.jpg', NULL, NULL, NULL, '#', '2022-10-01 12:34:44', '2022-10-01 12:34:44'),
(3, 'slider-3.jpg', NULL, NULL, NULL, '#', '2022-10-01 12:34:44', '2022-10-01 12:34:44');

-- --------------------------------------------------------

--
-- Table structure for table `subscribers`
--

CREATE TABLE `subscribers` (
  `id` bigint(20) UNSIGNED NOT NULL,
  `email` varchar(255) COLLATE utf8mb4_unicode_ci NOT NULL,
  `created_at` timestamp NULL DEFAULT NULL,
  `updated_at` timestamp NULL DEFAULT NULL
) ENGINE=InnoDB DEFAULT CHARSET=utf8mb4 COLLATE=utf8mb4_unicode_ci;

-- --------------------------------------------------------

--
-- Table structure for table `suppliers`
--

CREATE TABLE `suppliers` (
  `id` bigint(20) UNSIGNED NOT NULL,
  `name` varchar(255) COLLATE utf8mb4_unicode_ci NOT NULL,
  `email` varchar(255) COLLATE utf8mb4_unicode_ci DEFAULT NULL,
  `phone` varchar(255) COLLATE utf8mb4_unicode_ci DEFAULT NULL,
  `address` varchar(255) COLLATE utf8mb4_unicode_ci DEFAULT NULL,
  `opening_balance` double NOT NULL DEFAULT 0,
  `created_at` timestamp NULL DEFAULT NULL,
  `updated_at` timestamp NULL DEFAULT NULL
) ENGINE=InnoDB DEFAULT CHARSET=utf8mb4 COLLATE=utf8mb4_unicode_ci;

--
-- Dumping data for table `suppliers`
--

INSERT INTO `suppliers` (`id`, `name`, `email`, `phone`, `address`, `opening_balance`, `created_at`, `updated_at`) VALUES
(1, 'Mr. ABCD', 'sadeknurul5@gmail.com', '01763100517', 'Test', 5000, '2022-10-01 18:52:46', '2022-10-01 19:01:20');

-- --------------------------------------------------------

--
-- Table structure for table `supplier_payments`
--

CREATE TABLE `supplier_payments` (
  `id` bigint(20) UNSIGNED NOT NULL,
  `supplier_id` int(10) UNSIGNED NOT NULL,
  `bank_id` int(10) UNSIGNED NOT NULL,
  `amount` double UNSIGNED NOT NULL DEFAULT 0,
  `payment_date` date DEFAULT NULL,
  `note` text COLLATE utf8mb4_unicode_ci DEFAULT NULL,
  `created_at` timestamp NULL DEFAULT NULL,
  `updated_at` timestamp NULL DEFAULT NULL
) ENGINE=InnoDB DEFAULT CHARSET=utf8mb4 COLLATE=utf8mb4_unicode_ci;

--
-- Dumping data for table `supplier_payments`
--

INSERT INTO `supplier_payments` (`id`, `supplier_id`, `bank_id`, `amount`, `payment_date`, `note`, `created_at`, `updated_at`) VALUES
(1, 1, 2, 5000, '2022-10-02', 'Cotton Shirt', '2022-10-02 01:46:34', '2022-10-02 01:46:34');

-- --------------------------------------------------------

--
-- Table structure for table `trendings`
--

CREATE TABLE `trendings` (
  `id` bigint(20) UNSIGNED NOT NULL,
  `type` varchar(255) COLLATE utf8mb4_unicode_ci DEFAULT NULL,
  `link` varchar(255) COLLATE utf8mb4_unicode_ci DEFAULT NULL,
  `image` varchar(255) COLLATE utf8mb4_unicode_ci DEFAULT NULL,
  `created_at` timestamp NULL DEFAULT NULL,
  `updated_at` timestamp NULL DEFAULT NULL
) ENGINE=InnoDB DEFAULT CHARSET=utf8mb4 COLLATE=utf8mb4_unicode_ci;

--
-- Dumping data for table `trendings`
--

INSERT INTO `trendings` (`id`, `type`, `link`, `image`, `created_at`, `updated_at`) VALUES
(1, 'group_product', NULL, '1670021447.jpg', '2022-12-02 22:45:49', '2022-12-03 04:53:08');

-- --------------------------------------------------------

--
-- Table structure for table `users`
--

CREATE TABLE `users` (
  `id` bigint(20) UNSIGNED NOT NULL,
  `name` varchar(255) COLLATE utf8mb4_unicode_ci NOT NULL,
  `email` varchar(255) COLLATE utf8mb4_unicode_ci NOT NULL,
  `username` varchar(255) COLLATE utf8mb4_unicode_ci DEFAULT NULL,
  `phone` varchar(255) COLLATE utf8mb4_unicode_ci DEFAULT NULL,
  `image` varchar(255) COLLATE utf8mb4_unicode_ci DEFAULT NULL,
  `city` varchar(255) COLLATE utf8mb4_unicode_ci DEFAULT NULL,
  `address` varchar(255) COLLATE utf8mb4_unicode_ci DEFAULT NULL,
  `dob` date DEFAULT NULL,
  `type` int(11) NOT NULL DEFAULT 2 COMMENT '1 - Officials | 2 - Customer',
  `is_active` int(11) NOT NULL DEFAULT 1,
  `email_verified_at` timestamp NULL DEFAULT NULL,
  `password` varchar(255) COLLATE utf8mb4_unicode_ci NOT NULL,
  `remember_token` varchar(100) COLLATE utf8mb4_unicode_ci DEFAULT NULL,
  `created_at` timestamp NULL DEFAULT NULL,
  `updated_at` timestamp NULL DEFAULT NULL
) ENGINE=InnoDB DEFAULT CHARSET=utf8mb4 COLLATE=utf8mb4_unicode_ci;

--
-- Dumping data for table `users`
--

INSERT INTO `users` (`id`, `name`, `email`, `username`, `phone`, `image`, `city`, `address`, `dob`, `type`, `is_active`, `email_verified_at`, `password`, `remember_token`, `created_at`, `updated_at`) VALUES
(1, 'Sadek Nurul', 'sadeknurul5@gmail.com', 'sadeknurul', '01763100517', NULL, NULL, 'Dhaka, Bangladesh', NULL, 1, 1, NULL, '$2y$10$TOYUGa.VMg6nlY7S0iDMj.byHEnoFb.QIQmdB3dr8lip3lN9oMTm.', NULL, '2022-10-01 12:34:44', '2022-10-01 12:34:44'),
(2, 'Test Customer', 'sadeknurulcse@gmail.com', NULL, '01962365197', NULL, NULL, NULL, NULL, 2, 1, NULL, '$2y$10$oIL538Z2ghfwIitAzVWmreROYt5RuyVBh4w5itUeQt0NhYW/gFpkS', NULL, '2022-11-03 16:03:14', '2022-11-03 16:03:14');

-- --------------------------------------------------------

--
-- Table structure for table `wallets`
--

CREATE TABLE `wallets` (
  `id` bigint(20) UNSIGNED NOT NULL,
  `customer_id` int(10) UNSIGNED NOT NULL,
  `amount` double UNSIGNED NOT NULL DEFAULT 0,
  `used_amount` double UNSIGNED NOT NULL DEFAULT 0,
  `point` double UNSIGNED NOT NULL DEFAULT 0,
  `used_point` double UNSIGNED NOT NULL DEFAULT 0,
  `created_at` timestamp NULL DEFAULT NULL,
  `updated_at` timestamp NULL DEFAULT NULL
) ENGINE=InnoDB DEFAULT CHARSET=utf8mb4 COLLATE=utf8mb4_unicode_ci;

-- --------------------------------------------------------

--
-- Table structure for table `wallet_entries`
--

CREATE TABLE `wallet_entries` (
  `id` bigint(20) UNSIGNED NOT NULL,
  `wallet_id` int(10) UNSIGNED NOT NULL,
  `cash_in` double DEFAULT NULL,
  `cash_out` double DEFAULT NULL,
  `point_in` double DEFAULT NULL,
  `point_out` double DEFAULT NULL,
  `note` varchar(255) COLLATE utf8mb4_unicode_ci DEFAULT NULL,
  `created_at` timestamp NULL DEFAULT NULL,
  `updated_at` timestamp NULL DEFAULT NULL
) ENGINE=InnoDB DEFAULT CHARSET=utf8mb4 COLLATE=utf8mb4_unicode_ci;

-- --------------------------------------------------------

--
-- Table structure for table `wishlists`
--

CREATE TABLE `wishlists` (
  `id` bigint(20) UNSIGNED NOT NULL,
  `customer_id` int(11) NOT NULL,
  `product_id` int(11) NOT NULL,
  `created_at` timestamp NULL DEFAULT NULL,
  `updated_at` timestamp NULL DEFAULT NULL
) ENGINE=InnoDB DEFAULT CHARSET=utf8mb4 COLLATE=utf8mb4_unicode_ci;

--
-- Indexes for dumped tables
--

--
-- Indexes for table `accessories`
--
ALTER TABLE `accessories`
  ADD PRIMARY KEY (`id`);

--
-- Indexes for table `accessory_amounts`
--
ALTER TABLE `accessory_amounts`
  ADD PRIMARY KEY (`id`);

--
-- Indexes for table `areas`
--
ALTER TABLE `areas`
  ADD PRIMARY KEY (`id`);

--
-- Indexes for table `assets`
--
ALTER TABLE `assets`
  ADD PRIMARY KEY (`id`);

--
-- Indexes for table `asset_deductions`
--
ALTER TABLE `asset_deductions`
  ADD PRIMARY KEY (`id`);

--
-- Indexes for table `banks`
--
ALTER TABLE `banks`
  ADD PRIMARY KEY (`id`);

--
-- Indexes for table `bank_contras`
--
ALTER TABLE `bank_contras`
  ADD PRIMARY KEY (`id`);

--
-- Indexes for table `bank_transactions`
--
ALTER TABLE `bank_transactions`
  ADD PRIMARY KEY (`id`);

--
-- Indexes for table `brands`
--
ALTER TABLE `brands`
  ADD PRIMARY KEY (`id`);

--
-- Indexes for table `categories`
--
ALTER TABLE `categories`
  ADD PRIMARY KEY (`id`);

--
-- Indexes for table `coupons`
--
ALTER TABLE `coupons`
  ADD PRIMARY KEY (`id`),
  ADD UNIQUE KEY `coupons_code_unique` (`code`);

--
-- Indexes for table `districts`
--
ALTER TABLE `districts`
  ADD PRIMARY KEY (`id`);

--
-- Indexes for table `expenses`
--
ALTER TABLE `expenses`
  ADD PRIMARY KEY (`id`);

--
-- Indexes for table `expense_entries`
--
ALTER TABLE `expense_entries`
  ADD PRIMARY KEY (`id`);

--
-- Indexes for table `failed_jobs`
--
ALTER TABLE `failed_jobs`
  ADD PRIMARY KEY (`id`),
  ADD UNIQUE KEY `failed_jobs_uuid_unique` (`uuid`);

--
-- Indexes for table `migrations`
--
ALTER TABLE `migrations`
  ADD PRIMARY KEY (`id`);

--
-- Indexes for table `model_has_permissions`
--
ALTER TABLE `model_has_permissions`
  ADD PRIMARY KEY (`permission_id`,`model_id`,`model_type`),
  ADD KEY `model_has_permissions_model_id_model_type_index` (`model_id`,`model_type`);

--
-- Indexes for table `model_has_roles`
--
ALTER TABLE `model_has_roles`
  ADD PRIMARY KEY (`role_id`,`model_id`,`model_type`),
  ADD KEY `model_has_roles_model_id_model_type_index` (`model_id`,`model_type`);

--
-- Indexes for table `orders`
--
ALTER TABLE `orders`
  ADD PRIMARY KEY (`id`);

--
-- Indexes for table `order_products`
--
ALTER TABLE `order_products`
  ADD PRIMARY KEY (`id`);

--
-- Indexes for table `order_returns`
--
ALTER TABLE `order_returns`
  ADD PRIMARY KEY (`id`);

--
-- Indexes for table `order_statuses`
--
ALTER TABLE `order_statuses`
  ADD PRIMARY KEY (`id`);

--
-- Indexes for table `pages`
--
ALTER TABLE `pages`
  ADD PRIMARY KEY (`id`);

--
-- Indexes for table `partners`
--
ALTER TABLE `partners`
  ADD PRIMARY KEY (`id`);

--
-- Indexes for table `partner_transactions`
--
ALTER TABLE `partner_transactions`
  ADD PRIMARY KEY (`id`);

--
-- Indexes for table `password_resets`
--
ALTER TABLE `password_resets`
  ADD KEY `password_resets_email_index` (`email`);

--
-- Indexes for table `permissions`
--
ALTER TABLE `permissions`
  ADD PRIMARY KEY (`id`),
  ADD UNIQUE KEY `permissions_name_guard_name_unique` (`name`,`guard_name`);

--
-- Indexes for table `personal_access_tokens`
--
ALTER TABLE `personal_access_tokens`
  ADD PRIMARY KEY (`id`),
  ADD UNIQUE KEY `personal_access_tokens_token_unique` (`token`),
  ADD KEY `personal_access_tokens_tokenable_type_tokenable_id_index` (`tokenable_type`,`tokenable_id`);

--
-- Indexes for table `productions`
--
ALTER TABLE `productions`
  ADD PRIMARY KEY (`id`);

--
-- Indexes for table `production_accessories`
--
ALTER TABLE `production_accessories`
  ADD PRIMARY KEY (`id`);

--
-- Indexes for table `production_costs`
--
ALTER TABLE `production_costs`
  ADD PRIMARY KEY (`id`);

--
-- Indexes for table `production_suppliers`
--
ALTER TABLE `production_suppliers`
  ADD PRIMARY KEY (`id`);

--
-- Indexes for table `products`
--
ALTER TABLE `products`
  ADD PRIMARY KEY (`id`);

--
-- Indexes for table `product_damages`
--
ALTER TABLE `product_damages`
  ADD PRIMARY KEY (`id`);

--
-- Indexes for table `product_images`
--
ALTER TABLE `product_images`
  ADD PRIMARY KEY (`id`);

--
-- Indexes for table `product_stocks`
--
ALTER TABLE `product_stocks`
  ADD PRIMARY KEY (`id`);

--
-- Indexes for table `product_stock_histories`
--
ALTER TABLE `product_stock_histories`
  ADD PRIMARY KEY (`id`);

--
-- Indexes for table `ratings`
--
ALTER TABLE `ratings`
  ADD PRIMARY KEY (`id`);

--
-- Indexes for table `roles`
--
ALTER TABLE `roles`
  ADD PRIMARY KEY (`id`),
  ADD UNIQUE KEY `roles_name_guard_name_unique` (`name`,`guard_name`);

--
-- Indexes for table `role_has_permissions`
--
ALTER TABLE `role_has_permissions`
  ADD PRIMARY KEY (`permission_id`,`role_id`),
  ADD KEY `role_has_permissions_role_id_foreign` (`role_id`);

--
-- Indexes for table `settings`
--
ALTER TABLE `settings`
  ADD PRIMARY KEY (`id`);

--
-- Indexes for table `sizes`
--
ALTER TABLE `sizes`
  ADD PRIMARY KEY (`id`);

--
-- Indexes for table `sliders`
--
ALTER TABLE `sliders`
  ADD PRIMARY KEY (`id`);

--
-- Indexes for table `subscribers`
--
ALTER TABLE `subscribers`
  ADD PRIMARY KEY (`id`),
  ADD UNIQUE KEY `subscribers_email_unique` (`email`);

--
-- Indexes for table `suppliers`
--
ALTER TABLE `suppliers`
  ADD PRIMARY KEY (`id`);

--
-- Indexes for table `supplier_payments`
--
ALTER TABLE `supplier_payments`
  ADD PRIMARY KEY (`id`);

--
-- Indexes for table `trendings`
--
ALTER TABLE `trendings`
  ADD PRIMARY KEY (`id`);

--
-- Indexes for table `users`
--
ALTER TABLE `users`
  ADD PRIMARY KEY (`id`),
  ADD UNIQUE KEY `users_email_unique` (`email`),
  ADD UNIQUE KEY `users_username_unique` (`username`),
  ADD UNIQUE KEY `users_phone_unique` (`phone`);

--
-- Indexes for table `wallets`
--
ALTER TABLE `wallets`
  ADD PRIMARY KEY (`id`);

--
-- Indexes for table `wallet_entries`
--
ALTER TABLE `wallet_entries`
  ADD PRIMARY KEY (`id`);

--
-- Indexes for table `wishlists`
--
ALTER TABLE `wishlists`
  ADD PRIMARY KEY (`id`);

--
-- AUTO_INCREMENT for dumped tables
--

--
-- AUTO_INCREMENT for table `accessories`
--
ALTER TABLE `accessories`
  MODIFY `id` bigint(20) UNSIGNED NOT NULL AUTO_INCREMENT, AUTO_INCREMENT=3;

--
-- AUTO_INCREMENT for table `accessory_amounts`
--
ALTER TABLE `accessory_amounts`
  MODIFY `id` bigint(20) UNSIGNED NOT NULL AUTO_INCREMENT, AUTO_INCREMENT=8;

--
-- AUTO_INCREMENT for table `areas`
--
ALTER TABLE `areas`
  MODIFY `id` bigint(20) UNSIGNED NOT NULL AUTO_INCREMENT, AUTO_INCREMENT=555;

--
-- AUTO_INCREMENT for table `assets`
--
ALTER TABLE `assets`
  MODIFY `id` bigint(20) UNSIGNED NOT NULL AUTO_INCREMENT, AUTO_INCREMENT=3;

--
-- AUTO_INCREMENT for table `asset_deductions`
--
ALTER TABLE `asset_deductions`
  MODIFY `id` bigint(20) UNSIGNED NOT NULL AUTO_INCREMENT, AUTO_INCREMENT=3;

--
-- AUTO_INCREMENT for table `banks`
--
ALTER TABLE `banks`
  MODIFY `id` bigint(20) UNSIGNED NOT NULL AUTO_INCREMENT, AUTO_INCREMENT=3;

--
-- AUTO_INCREMENT for table `bank_contras`
--
ALTER TABLE `bank_contras`
  MODIFY `id` bigint(20) UNSIGNED NOT NULL AUTO_INCREMENT, AUTO_INCREMENT=2;

--
-- AUTO_INCREMENT for table `bank_transactions`
--
ALTER TABLE `bank_transactions`
  MODIFY `id` bigint(20) UNSIGNED NOT NULL AUTO_INCREMENT, AUTO_INCREMENT=15;

--
-- AUTO_INCREMENT for table `brands`
--
ALTER TABLE `brands`
  MODIFY `id` bigint(20) UNSIGNED NOT NULL AUTO_INCREMENT, AUTO_INCREMENT=2;

--
-- AUTO_INCREMENT for table `categories`
--
ALTER TABLE `categories`
  MODIFY `id` bigint(20) UNSIGNED NOT NULL AUTO_INCREMENT, AUTO_INCREMENT=7;

--
-- AUTO_INCREMENT for table `coupons`
--
ALTER TABLE `coupons`
  MODIFY `id` bigint(20) UNSIGNED NOT NULL AUTO_INCREMENT;

--
-- AUTO_INCREMENT for table `districts`
--
ALTER TABLE `districts`
  MODIFY `id` bigint(20) UNSIGNED NOT NULL AUTO_INCREMENT, AUTO_INCREMENT=65;

--
-- AUTO_INCREMENT for table `expenses`
--
ALTER TABLE `expenses`
  MODIFY `id` bigint(20) UNSIGNED NOT NULL AUTO_INCREMENT, AUTO_INCREMENT=3;

--
-- AUTO_INCREMENT for table `expense_entries`
--
ALTER TABLE `expense_entries`
  MODIFY `id` bigint(20) UNSIGNED NOT NULL AUTO_INCREMENT, AUTO_INCREMENT=3;

--
-- AUTO_INCREMENT for table `failed_jobs`
--
ALTER TABLE `failed_jobs`
  MODIFY `id` bigint(20) UNSIGNED NOT NULL AUTO_INCREMENT;

--
-- AUTO_INCREMENT for table `migrations`
--
ALTER TABLE `migrations`
  MODIFY `id` int(10) UNSIGNED NOT NULL AUTO_INCREMENT, AUTO_INCREMENT=47;

--
-- AUTO_INCREMENT for table `orders`
--
ALTER TABLE `orders`
  MODIFY `id` bigint(20) UNSIGNED NOT NULL AUTO_INCREMENT, AUTO_INCREMENT=8;

--
-- AUTO_INCREMENT for table `order_products`
--
ALTER TABLE `order_products`
  MODIFY `id` bigint(20) UNSIGNED NOT NULL AUTO_INCREMENT, AUTO_INCREMENT=13;

--
-- AUTO_INCREMENT for table `order_returns`
--
ALTER TABLE `order_returns`
  MODIFY `id` bigint(20) UNSIGNED NOT NULL AUTO_INCREMENT;

--
-- AUTO_INCREMENT for table `order_statuses`
--
ALTER TABLE `order_statuses`
  MODIFY `id` bigint(20) UNSIGNED NOT NULL AUTO_INCREMENT, AUTO_INCREMENT=6;

--
-- AUTO_INCREMENT for table `pages`
--
ALTER TABLE `pages`
  MODIFY `id` bigint(20) UNSIGNED NOT NULL AUTO_INCREMENT, AUTO_INCREMENT=8;

--
-- AUTO_INCREMENT for table `partners`
--
ALTER TABLE `partners`
  MODIFY `id` bigint(20) UNSIGNED NOT NULL AUTO_INCREMENT, AUTO_INCREMENT=3;

--
-- AUTO_INCREMENT for table `partner_transactions`
--
ALTER TABLE `partner_transactions`
  MODIFY `id` bigint(20) UNSIGNED NOT NULL AUTO_INCREMENT, AUTO_INCREMENT=5;

--
-- AUTO_INCREMENT for table `permissions`
--
ALTER TABLE `permissions`
  MODIFY `id` bigint(20) UNSIGNED NOT NULL AUTO_INCREMENT, AUTO_INCREMENT=84;

--
-- AUTO_INCREMENT for table `personal_access_tokens`
--
ALTER TABLE `personal_access_tokens`
  MODIFY `id` bigint(20) UNSIGNED NOT NULL AUTO_INCREMENT;

--
-- AUTO_INCREMENT for table `productions`
--
ALTER TABLE `productions`
  MODIFY `id` bigint(20) UNSIGNED NOT NULL AUTO_INCREMENT, AUTO_INCREMENT=3;

--
-- AUTO_INCREMENT for table `production_accessories`
--
ALTER TABLE `production_accessories`
  MODIFY `id` bigint(20) UNSIGNED NOT NULL AUTO_INCREMENT, AUTO_INCREMENT=6;

--
-- AUTO_INCREMENT for table `production_costs`
--
ALTER TABLE `production_costs`
  MODIFY `id` bigint(20) UNSIGNED NOT NULL AUTO_INCREMENT, AUTO_INCREMENT=6;

--
-- AUTO_INCREMENT for table `production_suppliers`
--
ALTER TABLE `production_suppliers`
  MODIFY `id` bigint(20) UNSIGNED NOT NULL AUTO_INCREMENT, AUTO_INCREMENT=8;

--
-- AUTO_INCREMENT for table `products`
--
ALTER TABLE `products`
  MODIFY `id` bigint(20) UNSIGNED NOT NULL AUTO_INCREMENT, AUTO_INCREMENT=5;

--
-- AUTO_INCREMENT for table `product_damages`
--
ALTER TABLE `product_damages`
  MODIFY `id` bigint(20) UNSIGNED NOT NULL AUTO_INCREMENT;

--
-- AUTO_INCREMENT for table `product_images`
--
ALTER TABLE `product_images`
  MODIFY `id` bigint(20) UNSIGNED NOT NULL AUTO_INCREMENT, AUTO_INCREMENT=6;

--
-- AUTO_INCREMENT for table `product_stocks`
--
ALTER TABLE `product_stocks`
  MODIFY `id` bigint(20) UNSIGNED NOT NULL AUTO_INCREMENT, AUTO_INCREMENT=9;

--
-- AUTO_INCREMENT for table `product_stock_histories`
--
ALTER TABLE `product_stock_histories`
  MODIFY `id` bigint(20) UNSIGNED NOT NULL AUTO_INCREMENT, AUTO_INCREMENT=29;

--
-- AUTO_INCREMENT for table `ratings`
--
ALTER TABLE `ratings`
  MODIFY `id` bigint(20) UNSIGNED NOT NULL AUTO_INCREMENT;

--
-- AUTO_INCREMENT for table `roles`
--
ALTER TABLE `roles`
  MODIFY `id` bigint(20) UNSIGNED NOT NULL AUTO_INCREMENT, AUTO_INCREMENT=2;

--
-- AUTO_INCREMENT for table `settings`
--
ALTER TABLE `settings`
  MODIFY `id` bigint(20) UNSIGNED NOT NULL AUTO_INCREMENT, AUTO_INCREMENT=2;

--
-- AUTO_INCREMENT for table `sizes`
--
ALTER TABLE `sizes`
  MODIFY `id` bigint(20) UNSIGNED NOT NULL AUTO_INCREMENT, AUTO_INCREMENT=4;

--
-- AUTO_INCREMENT for table `sliders`
--
ALTER TABLE `sliders`
  MODIFY `id` bigint(20) UNSIGNED NOT NULL AUTO_INCREMENT, AUTO_INCREMENT=4;

--
-- AUTO_INCREMENT for table `subscribers`
--
ALTER TABLE `subscribers`
  MODIFY `id` bigint(20) UNSIGNED NOT NULL AUTO_INCREMENT;

--
-- AUTO_INCREMENT for table `suppliers`
--
ALTER TABLE `suppliers`
  MODIFY `id` bigint(20) UNSIGNED NOT NULL AUTO_INCREMENT, AUTO_INCREMENT=2;

--
-- AUTO_INCREMENT for table `supplier_payments`
--
ALTER TABLE `supplier_payments`
  MODIFY `id` bigint(20) UNSIGNED NOT NULL AUTO_INCREMENT, AUTO_INCREMENT=2;

--
-- AUTO_INCREMENT for table `trendings`
--
ALTER TABLE `trendings`
  MODIFY `id` bigint(20) UNSIGNED NOT NULL AUTO_INCREMENT, AUTO_INCREMENT=2;

--
-- AUTO_INCREMENT for table `users`
--
ALTER TABLE `users`
  MODIFY `id` bigint(20) UNSIGNED NOT NULL AUTO_INCREMENT, AUTO_INCREMENT=3;

--
-- AUTO_INCREMENT for table `wallets`
--
ALTER TABLE `wallets`
  MODIFY `id` bigint(20) UNSIGNED NOT NULL AUTO_INCREMENT;

--
-- AUTO_INCREMENT for table `wallet_entries`
--
ALTER TABLE `wallet_entries`
  MODIFY `id` bigint(20) UNSIGNED NOT NULL AUTO_INCREMENT;

--
-- AUTO_INCREMENT for table `wishlists`
--
ALTER TABLE `wishlists`
  MODIFY `id` bigint(20) UNSIGNED NOT NULL AUTO_INCREMENT;

--
-- Constraints for dumped tables
--

--
-- Constraints for table `model_has_permissions`
--
ALTER TABLE `model_has_permissions`
  ADD CONSTRAINT `model_has_permissions_permission_id_foreign` FOREIGN KEY (`permission_id`) REFERENCES `permissions` (`id`) ON DELETE CASCADE;

--
-- Constraints for table `model_has_roles`
--
ALTER TABLE `model_has_roles`
  ADD CONSTRAINT `model_has_roles_role_id_foreign` FOREIGN KEY (`role_id`) REFERENCES `roles` (`id`) ON DELETE CASCADE;

--
-- Constraints for table `role_has_permissions`
--
ALTER TABLE `role_has_permissions`
  ADD CONSTRAINT `role_has_permissions_permission_id_foreign` FOREIGN KEY (`permission_id`) REFERENCES `permissions` (`id`) ON DELETE CASCADE,
  ADD CONSTRAINT `role_has_permissions_role_id_foreign` FOREIGN KEY (`role_id`) REFERENCES `roles` (`id`) ON DELETE CASCADE;
COMMIT;

/*!40101 SET CHARACTER_SET_CLIENT=@OLD_CHARACTER_SET_CLIENT */;
/*!40101 SET CHARACTER_SET_RESULTS=@OLD_CHARACTER_SET_RESULTS */;
/*!40101 SET COLLATION_CONNECTION=@OLD_COLLATION_CONNECTION */;
